Entity,Code_x,Year,Research and development expenditure (% of GDP),2016,2017,2018,2019,2020,2021,2022,2023,Code_y,Publications
Argentina,ARG,2016,0.55815,314.0,290.0,310.0,298.0,302.0,359.0,322.0,390.0,ARG,314.0
Argentina,ARG,2016,0.55815,314.0,290.0,310.0,298.0,302.0,359.0,322.0,390.0,ARG,314.0
Argentina,ARG,2016,0.55815,314.0,290.0,310.0,298.0,302.0,359.0,322.0,390.0,ARG,314.0
Argentina,ARG,2016,0.55815,314.0,290.0,310.0,298.0,302.0,359.0,322.0,390.0,ARG,314.0
Argentina,ARG,2016,0.55815,314.0,290.0,310.0,298.0,302.0,359.0,322.0,390.0,ARG,314.0
Argentina,ARG,2017,0.55631,314.0,290.0,310.0,298.0,302.0,359.0,322.0,390.0,ARG,290.0
Argentina,ARG,2017,0.55631,314.0,290.0,310.0,298.0,302.0,359.0,322.0,390.0,ARG,290.0
Argentina,ARG,2017,0.55631,314.0,290.0,310.0,298.0,302.0,359.0,322.0,390.0,ARG,290.0
Argentina,ARG,2017,0.55631,314.0,290.0,310.0,298.0,302.0,359.0,322.0,390.0,ARG,290.0
Argentina,ARG,2017,0.55631,314.0,290.0,310.0,298.0,302.0,359.0,322.0,390.0,ARG,290.0
Argentina,ARG,2018,0.49435,314.0,290.0,310.0,298.0,302.0,359.0,322.0,390.0,ARG,310.0
Argentina,ARG,2018,0.49435,314.0,290.0,310.0,298.0,302.0,359.0,322.0,390.0,ARG,310.0
Argentina,ARG,2018,0.49435,314.0,290.0,310.0,298.0,302.0,359.0,322.0,390.0,ARG,310.0
Argentina,ARG,2018,0.49435,314.0,290.0,310.0,298.0,302.0,359.0,322.0,390.0,ARG,310.0
Argentina,ARG,2018,0.49435,314.0,290.0,310.0,298.0,302.0,359.0,322.0,390.0,ARG,310.0
Argentina,ARG,2019,0.45713,314.0,290.0,310.0,298.0,302.0,359.0,322.0,390.0,ARG,298.0
Argentina,ARG,2019,0.45713,314.0,290.0,310.0,298.0,302.0,359.0,322.0,390.0,ARG,298.0
Argentina,ARG,2019,0.45713,314.0,290.0,310.0,298.0,302.0,359.0,322.0,390.0,ARG,298.0
Argentina,ARG,2019,0.45713,314.0,290.0,310.0,298.0,302.0,359.0,322.0,390.0,ARG,298.0
Argentina,ARG,2019,0.45713,314.0,290.0,310.0,298.0,302.0,359.0,322.0,390.0,ARG,298.0
Australia,AUS,2017,1.87926,2476.0,2529.0,2440.0,2833.0,2999.0,3156.0,3073.0,3510.0,AUS,2529.0
Australia,AUS,2017,1.87926,2476.0,2529.0,2440.0,2833.0,2999.0,3156.0,3073.0,3510.0,AUS,2529.0
Australia,AUS,2017,1.87926,2476.0,2529.0,2440.0,2833.0,2999.0,3156.0,3073.0,3510.0,AUS,2529.0
Australia,AUS,2019,1.82928,2476.0,2529.0,2440.0,2833.0,2999.0,3156.0,3073.0,3510.0,AUS,2833.0
Australia,AUS,2019,1.82928,2476.0,2529.0,2440.0,2833.0,2999.0,3156.0,3073.0,3510.0,AUS,2833.0
Australia,AUS,2019,1.82928,2476.0,2529.0,2440.0,2833.0,2999.0,3156.0,3073.0,3510.0,AUS,2833.0
Austria,AUT,2016,3.11655,901.0,1048.0,1030.0,1097.0,1137.0,1147.0,1244.0,1350.0,AUT,901.0
Austria,AUT,2016,3.11655,901.0,1048.0,1030.0,1097.0,1137.0,1147.0,1244.0,1350.0,AUT,901.0
Austria,AUT,2016,3.11655,901.0,1048.0,1030.0,1097.0,1137.0,1147.0,1244.0,1350.0,AUT,901.0
Austria,AUT,2016,3.11655,901.0,1048.0,1030.0,1097.0,1137.0,1147.0,1244.0,1350.0,AUT,901.0
Austria,AUT,2016,3.11655,901.0,1048.0,1030.0,1097.0,1137.0,1147.0,1244.0,1350.0,AUT,901.0
Austria,AUT,2016,3.11655,901.0,1048.0,1030.0,1097.0,1137.0,1147.0,1244.0,1350.0,AUT,901.0
Austria,AUT,2017,3.05656,901.0,1048.0,1030.0,1097.0,1137.0,1147.0,1244.0,1350.0,AUT,1048.0
Austria,AUT,2017,3.05656,901.0,1048.0,1030.0,1097.0,1137.0,1147.0,1244.0,1350.0,AUT,1048.0
Austria,AUT,2017,3.05656,901.0,1048.0,1030.0,1097.0,1137.0,1147.0,1244.0,1350.0,AUT,1048.0
Austria,AUT,2017,3.05656,901.0,1048.0,1030.0,1097.0,1137.0,1147.0,1244.0,1350.0,AUT,1048.0
Austria,AUT,2017,3.05656,901.0,1048.0,1030.0,1097.0,1137.0,1147.0,1244.0,1350.0,AUT,1048.0
Austria,AUT,2017,3.05656,901.0,1048.0,1030.0,1097.0,1137.0,1147.0,1244.0,1350.0,AUT,1048.0
Austria,AUT,2018,3.09058,901.0,1048.0,1030.0,1097.0,1137.0,1147.0,1244.0,1350.0,AUT,1030.0
Austria,AUT,2018,3.09058,901.0,1048.0,1030.0,1097.0,1137.0,1147.0,1244.0,1350.0,AUT,1030.0
Austria,AUT,2018,3.09058,901.0,1048.0,1030.0,1097.0,1137.0,1147.0,1244.0,1350.0,AUT,1030.0
Austria,AUT,2018,3.09058,901.0,1048.0,1030.0,1097.0,1137.0,1147.0,1244.0,1350.0,AUT,1030.0
Austria,AUT,2018,3.09058,901.0,1048.0,1030.0,1097.0,1137.0,1147.0,1244.0,1350.0,AUT,1030.0
Austria,AUT,2018,3.09058,901.0,1048.0,1030.0,1097.0,1137.0,1147.0,1244.0,1350.0,AUT,1030.0
Austria,AUT,2019,3.12972,901.0,1048.0,1030.0,1097.0,1137.0,1147.0,1244.0,1350.0,AUT,1097.0
Austria,AUT,2019,3.12972,901.0,1048.0,1030.0,1097.0,1137.0,1147.0,1244.0,1350.0,AUT,1097.0
Austria,AUT,2019,3.12972,901.0,1048.0,1030.0,1097.0,1137.0,1147.0,1244.0,1350.0,AUT,1097.0
Austria,AUT,2019,3.12972,901.0,1048.0,1030.0,1097.0,1137.0,1147.0,1244.0,1350.0,AUT,1097.0
Austria,AUT,2019,3.12972,901.0,1048.0,1030.0,1097.0,1137.0,1147.0,1244.0,1350.0,AUT,1097.0
Austria,AUT,2019,3.12972,901.0,1048.0,1030.0,1097.0,1137.0,1147.0,1244.0,1350.0,AUT,1097.0
Austria,AUT,2020,3.20128,901.0,1048.0,1030.0,1097.0,1137.0,1147.0,1244.0,1350.0,AUT,1137.0
Austria,AUT,2020,3.20128,901.0,1048.0,1030.0,1097.0,1137.0,1147.0,1244.0,1350.0,AUT,1137.0
Austria,AUT,2020,3.20128,901.0,1048.0,1030.0,1097.0,1137.0,1147.0,1244.0,1350.0,AUT,1137.0
Austria,AUT,2020,3.20128,901.0,1048.0,1030.0,1097.0,1137.0,1147.0,1244.0,1350.0,AUT,1137.0
Austria,AUT,2020,3.20128,901.0,1048.0,1030.0,1097.0,1137.0,1147.0,1244.0,1350.0,AUT,1137.0
Austria,AUT,2020,3.20128,901.0,1048.0,1030.0,1097.0,1137.0,1147.0,1244.0,1350.0,AUT,1137.0
Belgium,BEL,2016,2.52338,1057.0,1112.0,1114.0,1190.0,1180.0,1290.0,1200.0,1494.0,BEL,1057.0
Belgium,BEL,2016,2.52338,1057.0,1112.0,1114.0,1190.0,1180.0,1290.0,1200.0,1494.0,BEL,1057.0
Belgium,BEL,2016,2.52338,1057.0,1112.0,1114.0,1190.0,1180.0,1290.0,1200.0,1494.0,BEL,1057.0
Belgium,BEL,2016,2.52338,1057.0,1112.0,1114.0,1190.0,1180.0,1290.0,1200.0,1494.0,BEL,1057.0
Belgium,BEL,2016,2.52338,1057.0,1112.0,1114.0,1190.0,1180.0,1290.0,1200.0,1494.0,BEL,1057.0
Belgium,BEL,2016,2.52338,1057.0,1112.0,1114.0,1190.0,1180.0,1290.0,1200.0,1494.0,BEL,1057.0
Belgium,BEL,2017,2.66666,1057.0,1112.0,1114.0,1190.0,1180.0,1290.0,1200.0,1494.0,BEL,1112.0
Belgium,BEL,2017,2.66666,1057.0,1112.0,1114.0,1190.0,1180.0,1290.0,1200.0,1494.0,BEL,1112.0
Belgium,BEL,2017,2.66666,1057.0,1112.0,1114.0,1190.0,1180.0,1290.0,1200.0,1494.0,BEL,1112.0
Belgium,BEL,2017,2.66666,1057.0,1112.0,1114.0,1190.0,1180.0,1290.0,1200.0,1494.0,BEL,1112.0
Belgium,BEL,2017,2.66666,1057.0,1112.0,1114.0,1190.0,1180.0,1290.0,1200.0,1494.0,BEL,1112.0
Belgium,BEL,2017,2.66666,1057.0,1112.0,1114.0,1190.0,1180.0,1290.0,1200.0,1494.0,BEL,1112.0
Belgium,BEL,2018,2.86031,1057.0,1112.0,1114.0,1190.0,1180.0,1290.0,1200.0,1494.0,BEL,1114.0
Belgium,BEL,2018,2.86031,1057.0,1112.0,1114.0,1190.0,1180.0,1290.0,1200.0,1494.0,BEL,1114.0
Belgium,BEL,2018,2.86031,1057.0,1112.0,1114.0,1190.0,1180.0,1290.0,1200.0,1494.0,BEL,1114.0
Belgium,BEL,2018,2.86031,1057.0,1112.0,1114.0,1190.0,1180.0,1290.0,1200.0,1494.0,BEL,1114.0
Belgium,BEL,2018,2.86031,1057.0,1112.0,1114.0,1190.0,1180.0,1290.0,1200.0,1494.0,BEL,1114.0
Belgium,BEL,2018,2.86031,1057.0,1112.0,1114.0,1190.0,1180.0,1290.0,1200.0,1494.0,BEL,1114.0
Belgium,BEL,2019,3.16,1057.0,1112.0,1114.0,1190.0,1180.0,1290.0,1200.0,1494.0,BEL,1190.0
Belgium,BEL,2019,3.16,1057.0,1112.0,1114.0,1190.0,1180.0,1290.0,1200.0,1494.0,BEL,1190.0
Belgium,BEL,2019,3.16,1057.0,1112.0,1114.0,1190.0,1180.0,1290.0,1200.0,1494.0,BEL,1190.0
Belgium,BEL,2019,3.16,1057.0,1112.0,1114.0,1190.0,1180.0,1290.0,1200.0,1494.0,BEL,1190.0
Belgium,BEL,2019,3.16,1057.0,1112.0,1114.0,1190.0,1180.0,1290.0,1200.0,1494.0,BEL,1190.0
Belgium,BEL,2019,3.16,1057.0,1112.0,1114.0,1190.0,1180.0,1290.0,1200.0,1494.0,BEL,1190.0
Belgium,BEL,2020,3.4772,1057.0,1112.0,1114.0,1190.0,1180.0,1290.0,1200.0,1494.0,BEL,1180.0
Belgium,BEL,2020,3.4772,1057.0,1112.0,1114.0,1190.0,1180.0,1290.0,1200.0,1494.0,BEL,1180.0
Belgium,BEL,2020,3.4772,1057.0,1112.0,1114.0,1190.0,1180.0,1290.0,1200.0,1494.0,BEL,1180.0
Belgium,BEL,2020,3.4772,1057.0,1112.0,1114.0,1190.0,1180.0,1290.0,1200.0,1494.0,BEL,1180.0
Belgium,BEL,2020,3.4772,1057.0,1112.0,1114.0,1190.0,1180.0,1290.0,1200.0,1494.0,BEL,1180.0
Belgium,BEL,2020,3.4772,1057.0,1112.0,1114.0,1190.0,1180.0,1290.0,1200.0,1494.0,BEL,1180.0
Brazil,BRA,2016,1.28637,753.0,814.0,863.0,951.0,857.0,887.0,928.0,1051.0,BRA,753.0
Brazil,BRA,2016,1.28637,753.0,814.0,863.0,951.0,857.0,887.0,928.0,1051.0,BRA,753.0
Brazil,BRA,2016,1.28637,753.0,814.0,863.0,951.0,857.0,887.0,928.0,1051.0,BRA,753.0
Brazil,BRA,2016,1.28637,753.0,814.0,863.0,951.0,857.0,887.0,928.0,1051.0,BRA,753.0
Brazil,BRA,2016,1.28637,753.0,814.0,863.0,951.0,857.0,887.0,928.0,1051.0,BRA,753.0
Brazil,BRA,2017,1.1175,753.0,814.0,863.0,951.0,857.0,887.0,928.0,1051.0,BRA,814.0
Brazil,BRA,2017,1.1175,753.0,814.0,863.0,951.0,857.0,887.0,928.0,1051.0,BRA,814.0
Brazil,BRA,2017,1.1175,753.0,814.0,863.0,951.0,857.0,887.0,928.0,1051.0,BRA,814.0
Brazil,BRA,2017,1.1175,753.0,814.0,863.0,951.0,857.0,887.0,928.0,1051.0,BRA,814.0
Brazil,BRA,2017,1.1175,753.0,814.0,863.0,951.0,857.0,887.0,928.0,1051.0,BRA,814.0
Brazil,BRA,2018,1.16769,753.0,814.0,863.0,951.0,857.0,887.0,928.0,1051.0,BRA,863.0
Brazil,BRA,2018,1.16769,753.0,814.0,863.0,951.0,857.0,887.0,928.0,1051.0,BRA,863.0
Brazil,BRA,2018,1.16769,753.0,814.0,863.0,951.0,857.0,887.0,928.0,1051.0,BRA,863.0
Brazil,BRA,2018,1.16769,753.0,814.0,863.0,951.0,857.0,887.0,928.0,1051.0,BRA,863.0
Brazil,BRA,2018,1.16769,753.0,814.0,863.0,951.0,857.0,887.0,928.0,1051.0,BRA,863.0
Brazil,BRA,2019,1.20803,753.0,814.0,863.0,951.0,857.0,887.0,928.0,1051.0,BRA,951.0
Brazil,BRA,2019,1.20803,753.0,814.0,863.0,951.0,857.0,887.0,928.0,1051.0,BRA,951.0
Brazil,BRA,2019,1.20803,753.0,814.0,863.0,951.0,857.0,887.0,928.0,1051.0,BRA,951.0
Brazil,BRA,2019,1.20803,753.0,814.0,863.0,951.0,857.0,887.0,928.0,1051.0,BRA,951.0
Brazil,BRA,2019,1.20803,753.0,814.0,863.0,951.0,857.0,887.0,928.0,1051.0,BRA,951.0
Canada,CAN,2016,1.72873,3268.0,3032.0,3130.0,3326.0,3414.0,3591.0,3519.0,4200.0,CAN,3268.0
Canada,CAN,2016,1.72873,3268.0,3032.0,3130.0,3326.0,3414.0,3591.0,3519.0,4200.0,CAN,3268.0
Canada,CAN,2016,1.72873,3268.0,3032.0,3130.0,3326.0,3414.0,3591.0,3519.0,4200.0,CAN,3268.0
Canada,CAN,2016,1.72873,3268.0,3032.0,3130.0,3326.0,3414.0,3591.0,3519.0,4200.0,CAN,3268.0
Canada,CAN,2016,1.72873,3268.0,3032.0,3130.0,3326.0,3414.0,3591.0,3519.0,4200.0,CAN,3268.0
Canada,CAN,2016,1.72873,3268.0,3032.0,3130.0,3326.0,3414.0,3591.0,3519.0,4200.0,CAN,3268.0
Canada,CAN,2017,1.6858,3268.0,3032.0,3130.0,3326.0,3414.0,3591.0,3519.0,4200.0,CAN,3032.0
Canada,CAN,2017,1.6858,3268.0,3032.0,3130.0,3326.0,3414.0,3591.0,3519.0,4200.0,CAN,3032.0
Canada,CAN,2017,1.6858,3268.0,3032.0,3130.0,3326.0,3414.0,3591.0,3519.0,4200.0,CAN,3032.0
Canada,CAN,2017,1.6858,3268.0,3032.0,3130.0,3326.0,3414.0,3591.0,3519.0,4200.0,CAN,3032.0
Canada,CAN,2017,1.6858,3268.0,3032.0,3130.0,3326.0,3414.0,3591.0,3519.0,4200.0,CAN,3032.0
Canada,CAN,2017,1.6858,3268.0,3032.0,3130.0,3326.0,3414.0,3591.0,3519.0,4200.0,CAN,3032.0
Canada,CAN,2018,1.67917,3268.0,3032.0,3130.0,3326.0,3414.0,3591.0,3519.0,4200.0,CAN,3130.0
Canada,CAN,2018,1.67917,3268.0,3032.0,3130.0,3326.0,3414.0,3591.0,3519.0,4200.0,CAN,3130.0
Canada,CAN,2018,1.67917,3268.0,3032.0,3130.0,3326.0,3414.0,3591.0,3519.0,4200.0,CAN,3130.0
Canada,CAN,2018,1.67917,3268.0,3032.0,3130.0,3326.0,3414.0,3591.0,3519.0,4200.0,CAN,3130.0
Canada,CAN,2018,1.67917,3268.0,3032.0,3130.0,3326.0,3414.0,3591.0,3519.0,4200.0,CAN,3130.0
Canada,CAN,2018,1.67917,3268.0,3032.0,3130.0,3326.0,3414.0,3591.0,3519.0,4200.0,CAN,3130.0
Canada,CAN,2019,1.59163,3268.0,3032.0,3130.0,3326.0,3414.0,3591.0,3519.0,4200.0,CAN,3326.0
Canada,CAN,2019,1.59163,3268.0,3032.0,3130.0,3326.0,3414.0,3591.0,3519.0,4200.0,CAN,3326.0
Canada,CAN,2019,1.59163,3268.0,3032.0,3130.0,3326.0,3414.0,3591.0,3519.0,4200.0,CAN,3326.0
Canada,CAN,2019,1.59163,3268.0,3032.0,3130.0,3326.0,3414.0,3591.0,3519.0,4200.0,CAN,3326.0
Canada,CAN,2019,1.59163,3268.0,3032.0,3130.0,3326.0,3414.0,3591.0,3519.0,4200.0,CAN,3326.0
Canada,CAN,2019,1.59163,3268.0,3032.0,3130.0,3326.0,3414.0,3591.0,3519.0,4200.0,CAN,3326.0
Canada,CAN,2020,1.69781,3268.0,3032.0,3130.0,3326.0,3414.0,3591.0,3519.0,4200.0,CAN,3414.0
Canada,CAN,2020,1.69781,3268.0,3032.0,3130.0,3326.0,3414.0,3591.0,3519.0,4200.0,CAN,3414.0
Canada,CAN,2020,1.69781,3268.0,3032.0,3130.0,3326.0,3414.0,3591.0,3519.0,4200.0,CAN,3414.0
Canada,CAN,2020,1.69781,3268.0,3032.0,3130.0,3326.0,3414.0,3591.0,3519.0,4200.0,CAN,3414.0
Canada,CAN,2020,1.69781,3268.0,3032.0,3130.0,3326.0,3414.0,3591.0,3519.0,4200.0,CAN,3414.0
Canada,CAN,2020,1.69781,3268.0,3032.0,3130.0,3326.0,3414.0,3591.0,3519.0,4200.0,CAN,3414.0
Chile,CHL,2016,0.36934,382.0,354.0,371.0,404.0,440.0,461.0,452.0,453.0,CHL,382.0
Chile,CHL,2016,0.36934,382.0,354.0,371.0,404.0,440.0,461.0,452.0,453.0,CHL,382.0
Chile,CHL,2016,0.36934,382.0,354.0,371.0,404.0,440.0,461.0,452.0,453.0,CHL,382.0
Chile,CHL,2016,0.36934,382.0,354.0,371.0,404.0,440.0,461.0,452.0,453.0,CHL,382.0
Chile,CHL,2016,0.36934,382.0,354.0,371.0,404.0,440.0,461.0,452.0,453.0,CHL,382.0
Chile,CHL,2017,0.35593,382.0,354.0,371.0,404.0,440.0,461.0,452.0,453.0,CHL,354.0
Chile,CHL,2017,0.35593,382.0,354.0,371.0,404.0,440.0,461.0,452.0,453.0,CHL,354.0
Chile,CHL,2017,0.35593,382.0,354.0,371.0,404.0,440.0,461.0,452.0,453.0,CHL,354.0
Chile,CHL,2017,0.35593,382.0,354.0,371.0,404.0,440.0,461.0,452.0,453.0,CHL,354.0
Chile,CHL,2017,0.35593,382.0,354.0,371.0,404.0,440.0,461.0,452.0,453.0,CHL,354.0
Chile,CHL,2018,0.36647,382.0,354.0,371.0,404.0,440.0,461.0,452.0,453.0,CHL,371.0
Chile,CHL,2018,0.36647,382.0,354.0,371.0,404.0,440.0,461.0,452.0,453.0,CHL,371.0
Chile,CHL,2018,0.36647,382.0,354.0,371.0,404.0,440.0,461.0,452.0,453.0,CHL,371.0
Chile,CHL,2018,0.36647,382.0,354.0,371.0,404.0,440.0,461.0,452.0,453.0,CHL,371.0
Chile,CHL,2018,0.36647,382.0,354.0,371.0,404.0,440.0,461.0,452.0,453.0,CHL,371.0
Chile,CHL,2019,0.34095,382.0,354.0,371.0,404.0,440.0,461.0,452.0,453.0,CHL,404.0
Chile,CHL,2019,0.34095,382.0,354.0,371.0,404.0,440.0,461.0,452.0,453.0,CHL,404.0
Chile,CHL,2019,0.34095,382.0,354.0,371.0,404.0,440.0,461.0,452.0,453.0,CHL,404.0
Chile,CHL,2019,0.34095,382.0,354.0,371.0,404.0,440.0,461.0,452.0,453.0,CHL,404.0
Chile,CHL,2019,0.34095,382.0,354.0,371.0,404.0,440.0,461.0,452.0,453.0,CHL,404.0
China,CHN,2016,2.10033,10692.0,11195.0,12845.0,15612.0,18043.0,19096.0,21414.0,24536.0,CHN,10692.0
China,CHN,2016,2.10033,10692.0,11195.0,12845.0,15612.0,18043.0,19096.0,21414.0,24536.0,CHN,10692.0
China,CHN,2016,2.10033,10692.0,11195.0,12845.0,15612.0,18043.0,19096.0,21414.0,24536.0,CHN,10692.0
China,CHN,2016,2.10033,10692.0,11195.0,12845.0,15612.0,18043.0,19096.0,21414.0,24536.0,CHN,10692.0
China,CHN,2016,2.10033,10692.0,11195.0,12845.0,15612.0,18043.0,19096.0,21414.0,24536.0,CHN,10692.0
China,CHN,2016,2.10033,10692.0,11195.0,12845.0,15612.0,18043.0,19096.0,21414.0,24536.0,CHN,10692.0
China,CHN,2017,2.11603,10692.0,11195.0,12845.0,15612.0,18043.0,19096.0,21414.0,24536.0,CHN,11195.0
China,CHN,2017,2.11603,10692.0,11195.0,12845.0,15612.0,18043.0,19096.0,21414.0,24536.0,CHN,11195.0
China,CHN,2017,2.11603,10692.0,11195.0,12845.0,15612.0,18043.0,19096.0,21414.0,24536.0,CHN,11195.0
China,CHN,2017,2.11603,10692.0,11195.0,12845.0,15612.0,18043.0,19096.0,21414.0,24536.0,CHN,11195.0
China,CHN,2017,2.11603,10692.0,11195.0,12845.0,15612.0,18043.0,19096.0,21414.0,24536.0,CHN,11195.0
China,CHN,2017,2.11603,10692.0,11195.0,12845.0,15612.0,18043.0,19096.0,21414.0,24536.0,CHN,11195.0
China,CHN,2018,2.14058,10692.0,11195.0,12845.0,15612.0,18043.0,19096.0,21414.0,24536.0,CHN,12845.0
China,CHN,2018,2.14058,10692.0,11195.0,12845.0,15612.0,18043.0,19096.0,21414.0,24536.0,CHN,12845.0
China,CHN,2018,2.14058,10692.0,11195.0,12845.0,15612.0,18043.0,19096.0,21414.0,24536.0,CHN,12845.0
China,CHN,2018,2.14058,10692.0,11195.0,12845.0,15612.0,18043.0,19096.0,21414.0,24536.0,CHN,12845.0
China,CHN,2018,2.14058,10692.0,11195.0,12845.0,15612.0,18043.0,19096.0,21414.0,24536.0,CHN,12845.0
China,CHN,2018,2.14058,10692.0,11195.0,12845.0,15612.0,18043.0,19096.0,21414.0,24536.0,CHN,12845.0
China,CHN,2019,2.24463,10692.0,11195.0,12845.0,15612.0,18043.0,19096.0,21414.0,24536.0,CHN,15612.0
China,CHN,2019,2.24463,10692.0,11195.0,12845.0,15612.0,18043.0,19096.0,21414.0,24536.0,CHN,15612.0
China,CHN,2019,2.24463,10692.0,11195.0,12845.0,15612.0,18043.0,19096.0,21414.0,24536.0,CHN,15612.0
China,CHN,2019,2.24463,10692.0,11195.0,12845.0,15612.0,18043.0,19096.0,21414.0,24536.0,CHN,15612.0
China,CHN,2019,2.24463,10692.0,11195.0,12845.0,15612.0,18043.0,19096.0,21414.0,24536.0,CHN,15612.0
China,CHN,2019,2.24463,10692.0,11195.0,12845.0,15612.0,18043.0,19096.0,21414.0,24536.0,CHN,15612.0
China,CHN,2020,2.40093,10692.0,11195.0,12845.0,15612.0,18043.0,19096.0,21414.0,24536.0,CHN,18043.0
China,CHN,2020,2.40093,10692.0,11195.0,12845.0,15612.0,18043.0,19096.0,21414.0,24536.0,CHN,18043.0
China,CHN,2020,2.40093,10692.0,11195.0,12845.0,15612.0,18043.0,19096.0,21414.0,24536.0,CHN,18043.0
China,CHN,2020,2.40093,10692.0,11195.0,12845.0,15612.0,18043.0,19096.0,21414.0,24536.0,CHN,18043.0
China,CHN,2020,2.40093,10692.0,11195.0,12845.0,15612.0,18043.0,19096.0,21414.0,24536.0,CHN,18043.0
China,CHN,2020,2.40093,10692.0,11195.0,12845.0,15612.0,18043.0,19096.0,21414.0,24536.0,CHN,18043.0
Colombia,COL,2016,0.27051,231.0,240.0,270.0,287.0,272.0,233.0,241.0,246.0,COL,231.0
Colombia,COL,2016,0.27051,231.0,240.0,270.0,287.0,272.0,233.0,241.0,246.0,COL,231.0
Colombia,COL,2016,0.27051,231.0,240.0,270.0,287.0,272.0,233.0,241.0,246.0,COL,231.0
Colombia,COL,2016,0.27051,231.0,240.0,270.0,287.0,272.0,233.0,241.0,246.0,COL,231.0
Colombia,COL,2016,0.27051,231.0,240.0,270.0,287.0,272.0,233.0,241.0,246.0,COL,231.0
Colombia,COL,2016,0.27051,231.0,240.0,270.0,287.0,272.0,233.0,241.0,246.0,COL,231.0
Colombia,COL,2017,0.26109,231.0,240.0,270.0,287.0,272.0,233.0,241.0,246.0,COL,240.0
Colombia,COL,2017,0.26109,231.0,240.0,270.0,287.0,272.0,233.0,241.0,246.0,COL,240.0
Colombia,COL,2017,0.26109,231.0,240.0,270.0,287.0,272.0,233.0,241.0,246.0,COL,240.0
Colombia,COL,2017,0.26109,231.0,240.0,270.0,287.0,272.0,233.0,241.0,246.0,COL,240.0
Colombia,COL,2017,0.26109,231.0,240.0,270.0,287.0,272.0,233.0,241.0,246.0,COL,240.0
Colombia,COL,2017,0.26109,231.0,240.0,270.0,287.0,272.0,233.0,241.0,246.0,COL,240.0
Colombia,COL,2018,0.31233,231.0,240.0,270.0,287.0,272.0,233.0,241.0,246.0,COL,270.0
Colombia,COL,2018,0.31233,231.0,240.0,270.0,287.0,272.0,233.0,241.0,246.0,COL,270.0
Colombia,COL,2018,0.31233,231.0,240.0,270.0,287.0,272.0,233.0,241.0,246.0,COL,270.0
Colombia,COL,2018,0.31233,231.0,240.0,270.0,287.0,272.0,233.0,241.0,246.0,COL,270.0
Colombia,COL,2018,0.31233,231.0,240.0,270.0,287.0,272.0,233.0,241.0,246.0,COL,270.0
Colombia,COL,2018,0.31233,231.0,240.0,270.0,287.0,272.0,233.0,241.0,246.0,COL,270.0
Colombia,COL,2019,0.32169,231.0,240.0,270.0,287.0,272.0,233.0,241.0,246.0,COL,287.0
Colombia,COL,2019,0.32169,231.0,240.0,270.0,287.0,272.0,233.0,241.0,246.0,COL,287.0
Colombia,COL,2019,0.32169,231.0,240.0,270.0,287.0,272.0,233.0,241.0,246.0,COL,287.0
Colombia,COL,2019,0.32169,231.0,240.0,270.0,287.0,272.0,233.0,241.0,246.0,COL,287.0
Colombia,COL,2019,0.32169,231.0,240.0,270.0,287.0,272.0,233.0,241.0,246.0,COL,287.0
Colombia,COL,2019,0.32169,231.0,240.0,270.0,287.0,272.0,233.0,241.0,246.0,COL,287.0
Colombia,COL,2020,0.28812,231.0,240.0,270.0,287.0,272.0,233.0,241.0,246.0,COL,272.0
Colombia,COL,2020,0.28812,231.0,240.0,270.0,287.0,272.0,233.0,241.0,246.0,COL,272.0
Colombia,COL,2020,0.28812,231.0,240.0,270.0,287.0,272.0,233.0,241.0,246.0,COL,272.0
Colombia,COL,2020,0.28812,231.0,240.0,270.0,287.0,272.0,233.0,241.0,246.0,COL,272.0
Colombia,COL,2020,0.28812,231.0,240.0,270.0,287.0,272.0,233.0,241.0,246.0,COL,272.0
Colombia,COL,2020,0.28812,231.0,240.0,270.0,287.0,272.0,233.0,241.0,246.0,COL,272.0
Czech Republic,CZE,2016,1.67003,573.0,568.0,638.0,714.0,723.0,729.0,756.0,780.0,CZE,573.0
Czech Republic,CZE,2016,1.67003,573.0,568.0,638.0,714.0,723.0,729.0,756.0,780.0,CZE,573.0
Czech Republic,CZE,2016,1.67003,573.0,568.0,638.0,714.0,723.0,729.0,756.0,780.0,CZE,573.0
Czech Republic,CZE,2016,1.67003,573.0,568.0,638.0,714.0,723.0,729.0,756.0,780.0,CZE,573.0
Czech Republic,CZE,2016,1.67003,573.0,568.0,638.0,714.0,723.0,729.0,756.0,780.0,CZE,573.0
Czech Republic,CZE,2017,1.76855,573.0,568.0,638.0,714.0,723.0,729.0,756.0,780.0,CZE,568.0
Czech Republic,CZE,2017,1.76855,573.0,568.0,638.0,714.0,723.0,729.0,756.0,780.0,CZE,568.0
Czech Republic,CZE,2017,1.76855,573.0,568.0,638.0,714.0,723.0,729.0,756.0,780.0,CZE,568.0
Czech Republic,CZE,2017,1.76855,573.0,568.0,638.0,714.0,723.0,729.0,756.0,780.0,CZE,568.0
Czech Republic,CZE,2017,1.76855,573.0,568.0,638.0,714.0,723.0,729.0,756.0,780.0,CZE,568.0
Czech Republic,CZE,2018,1.89945,573.0,568.0,638.0,714.0,723.0,729.0,756.0,780.0,CZE,638.0
Czech Republic,CZE,2018,1.89945,573.0,568.0,638.0,714.0,723.0,729.0,756.0,780.0,CZE,638.0
Czech Republic,CZE,2018,1.89945,573.0,568.0,638.0,714.0,723.0,729.0,756.0,780.0,CZE,638.0
Czech Republic,CZE,2018,1.89945,573.0,568.0,638.0,714.0,723.0,729.0,756.0,780.0,CZE,638.0
Czech Republic,CZE,2018,1.89945,573.0,568.0,638.0,714.0,723.0,729.0,756.0,780.0,CZE,638.0
Czech Republic,CZE,2019,1.92773,573.0,568.0,638.0,714.0,723.0,729.0,756.0,780.0,CZE,714.0
Czech Republic,CZE,2019,1.92773,573.0,568.0,638.0,714.0,723.0,729.0,756.0,780.0,CZE,714.0
Czech Republic,CZE,2019,1.92773,573.0,568.0,638.0,714.0,723.0,729.0,756.0,780.0,CZE,714.0
Czech Republic,CZE,2019,1.92773,573.0,568.0,638.0,714.0,723.0,729.0,756.0,780.0,CZE,714.0
Czech Republic,CZE,2019,1.92773,573.0,568.0,638.0,714.0,723.0,729.0,756.0,780.0,CZE,714.0
Czech Republic,CZE,2020,1.99104,573.0,568.0,638.0,714.0,723.0,729.0,756.0,780.0,CZE,723.0
Czech Republic,CZE,2020,1.99104,573.0,568.0,638.0,714.0,723.0,729.0,756.0,780.0,CZE,723.0
Czech Republic,CZE,2020,1.99104,573.0,568.0,638.0,714.0,723.0,729.0,756.0,780.0,CZE,723.0
Czech Republic,CZE,2020,1.99104,573.0,568.0,638.0,714.0,723.0,729.0,756.0,780.0,CZE,723.0
Czech Republic,CZE,2020,1.99104,573.0,568.0,638.0,714.0,723.0,729.0,756.0,780.0,CZE,723.0
Denmark,DNK,2016,3.09283,1050.0,1048.0,1054.0,1154.0,1152.0,1262.0,1309.0,1627.0,DNK,1050.0
Denmark,DNK,2016,3.09283,1050.0,1048.0,1054.0,1154.0,1152.0,1262.0,1309.0,1627.0,DNK,1050.0
Denmark,DNK,2016,3.09283,1050.0,1048.0,1054.0,1154.0,1152.0,1262.0,1309.0,1627.0,DNK,1050.0
Denmark,DNK,2016,3.09283,1050.0,1048.0,1054.0,1154.0,1152.0,1262.0,1309.0,1627.0,DNK,1050.0
Denmark,DNK,2016,3.09283,1050.0,1048.0,1054.0,1154.0,1152.0,1262.0,1309.0,1627.0,DNK,1050.0
Denmark,DNK,2016,3.09283,1050.0,1048.0,1054.0,1154.0,1152.0,1262.0,1309.0,1627.0,DNK,1050.0
Denmark,DNK,2017,2.93124,1050.0,1048.0,1054.0,1154.0,1152.0,1262.0,1309.0,1627.0,DNK,1048.0
Denmark,DNK,2017,2.93124,1050.0,1048.0,1054.0,1154.0,1152.0,1262.0,1309.0,1627.0,DNK,1048.0
Denmark,DNK,2017,2.93124,1050.0,1048.0,1054.0,1154.0,1152.0,1262.0,1309.0,1627.0,DNK,1048.0
Denmark,DNK,2017,2.93124,1050.0,1048.0,1054.0,1154.0,1152.0,1262.0,1309.0,1627.0,DNK,1048.0
Denmark,DNK,2017,2.93124,1050.0,1048.0,1054.0,1154.0,1152.0,1262.0,1309.0,1627.0,DNK,1048.0
Denmark,DNK,2017,2.93124,1050.0,1048.0,1054.0,1154.0,1152.0,1262.0,1309.0,1627.0,DNK,1048.0
Denmark,DNK,2018,2.96603,1050.0,1048.0,1054.0,1154.0,1152.0,1262.0,1309.0,1627.0,DNK,1054.0
Denmark,DNK,2018,2.96603,1050.0,1048.0,1054.0,1154.0,1152.0,1262.0,1309.0,1627.0,DNK,1054.0
Denmark,DNK,2018,2.96603,1050.0,1048.0,1054.0,1154.0,1152.0,1262.0,1309.0,1627.0,DNK,1054.0
Denmark,DNK,2018,2.96603,1050.0,1048.0,1054.0,1154.0,1152.0,1262.0,1309.0,1627.0,DNK,1054.0
Denmark,DNK,2018,2.96603,1050.0,1048.0,1054.0,1154.0,1152.0,1262.0,1309.0,1627.0,DNK,1054.0
Denmark,DNK,2018,2.96603,1050.0,1048.0,1054.0,1154.0,1152.0,1262.0,1309.0,1627.0,DNK,1054.0
Denmark,DNK,2019,2.888,1050.0,1048.0,1054.0,1154.0,1152.0,1262.0,1309.0,1627.0,DNK,1154.0
Denmark,DNK,2019,2.888,1050.0,1048.0,1054.0,1154.0,1152.0,1262.0,1309.0,1627.0,DNK,1154.0
Denmark,DNK,2019,2.888,1050.0,1048.0,1054.0,1154.0,1152.0,1262.0,1309.0,1627.0,DNK,1154.0
Denmark,DNK,2019,2.888,1050.0,1048.0,1054.0,1154.0,1152.0,1262.0,1309.0,1627.0,DNK,1154.0
Denmark,DNK,2019,2.888,1050.0,1048.0,1054.0,1154.0,1152.0,1262.0,1309.0,1627.0,DNK,1154.0
Denmark,DNK,2019,2.888,1050.0,1048.0,1054.0,1154.0,1152.0,1262.0,1309.0,1627.0,DNK,1154.0
Denmark,DNK,2020,2.96154,1050.0,1048.0,1054.0,1154.0,1152.0,1262.0,1309.0,1627.0,DNK,1152.0
Denmark,DNK,2020,2.96154,1050.0,1048.0,1054.0,1154.0,1152.0,1262.0,1309.0,1627.0,DNK,1152.0
Denmark,DNK,2020,2.96154,1050.0,1048.0,1054.0,1154.0,1152.0,1262.0,1309.0,1627.0,DNK,1152.0
Denmark,DNK,2020,2.96154,1050.0,1048.0,1054.0,1154.0,1152.0,1262.0,1309.0,1627.0,DNK,1152.0
Denmark,DNK,2020,2.96154,1050.0,1048.0,1054.0,1154.0,1152.0,1262.0,1309.0,1627.0,DNK,1152.0
Denmark,DNK,2020,2.96154,1050.0,1048.0,1054.0,1154.0,1152.0,1262.0,1309.0,1627.0,DNK,1152.0
Finland,FIN,2016,2.72442,649.0,626.0,617.0,738.0,738.0,729.0,757.0,944.0,FIN,649.0
Finland,FIN,2016,2.72442,649.0,626.0,617.0,738.0,738.0,729.0,757.0,944.0,FIN,649.0
Finland,FIN,2016,2.72442,649.0,626.0,617.0,738.0,738.0,729.0,757.0,944.0,FIN,649.0
Finland,FIN,2016,2.72442,649.0,626.0,617.0,738.0,738.0,729.0,757.0,944.0,FIN,649.0
Finland,FIN,2016,2.72442,649.0,626.0,617.0,738.0,738.0,729.0,757.0,944.0,FIN,649.0
Finland,FIN,2016,2.72442,649.0,626.0,617.0,738.0,738.0,729.0,757.0,944.0,FIN,649.0
Finland,FIN,2017,2.72787,649.0,626.0,617.0,738.0,738.0,729.0,757.0,944.0,FIN,626.0
Finland,FIN,2017,2.72787,649.0,626.0,617.0,738.0,738.0,729.0,757.0,944.0,FIN,626.0
Finland,FIN,2017,2.72787,649.0,626.0,617.0,738.0,738.0,729.0,757.0,944.0,FIN,626.0
Finland,FIN,2017,2.72787,649.0,626.0,617.0,738.0,738.0,729.0,757.0,944.0,FIN,626.0
Finland,FIN,2017,2.72787,649.0,626.0,617.0,738.0,738.0,729.0,757.0,944.0,FIN,626.0
Finland,FIN,2017,2.72787,649.0,626.0,617.0,738.0,738.0,729.0,757.0,944.0,FIN,626.0
Finland,FIN,2018,2.75742,649.0,626.0,617.0,738.0,738.0,729.0,757.0,944.0,FIN,617.0
Finland,FIN,2018,2.75742,649.0,626.0,617.0,738.0,738.0,729.0,757.0,944.0,FIN,617.0
Finland,FIN,2018,2.75742,649.0,626.0,617.0,738.0,738.0,729.0,757.0,944.0,FIN,617.0
Finland,FIN,2018,2.75742,649.0,626.0,617.0,738.0,738.0,729.0,757.0,944.0,FIN,617.0
Finland,FIN,2018,2.75742,649.0,626.0,617.0,738.0,738.0,729.0,757.0,944.0,FIN,617.0
Finland,FIN,2018,2.75742,649.0,626.0,617.0,738.0,738.0,729.0,757.0,944.0,FIN,617.0
Finland,FIN,2019,2.79683,649.0,626.0,617.0,738.0,738.0,729.0,757.0,944.0,FIN,738.0
Finland,FIN,2019,2.79683,649.0,626.0,617.0,738.0,738.0,729.0,757.0,944.0,FIN,738.0
Finland,FIN,2019,2.79683,649.0,626.0,617.0,738.0,738.0,729.0,757.0,944.0,FIN,738.0
Finland,FIN,2019,2.79683,649.0,626.0,617.0,738.0,738.0,729.0,757.0,944.0,FIN,738.0
Finland,FIN,2019,2.79683,649.0,626.0,617.0,738.0,738.0,729.0,757.0,944.0,FIN,738.0
Finland,FIN,2019,2.79683,649.0,626.0,617.0,738.0,738.0,729.0,757.0,944.0,FIN,738.0
Finland,FIN,2020,2.93544,649.0,626.0,617.0,738.0,738.0,729.0,757.0,944.0,FIN,738.0
Finland,FIN,2020,2.93544,649.0,626.0,617.0,738.0,738.0,729.0,757.0,944.0,FIN,738.0
Finland,FIN,2020,2.93544,649.0,626.0,617.0,738.0,738.0,729.0,757.0,944.0,FIN,738.0
Finland,FIN,2020,2.93544,649.0,626.0,617.0,738.0,738.0,729.0,757.0,944.0,FIN,738.0
Finland,FIN,2020,2.93544,649.0,626.0,617.0,738.0,738.0,729.0,757.0,944.0,FIN,738.0
Finland,FIN,2020,2.93544,649.0,626.0,617.0,738.0,738.0,729.0,757.0,944.0,FIN,738.0
France,FRA,2016,2.22238,4857.0,4850.0,4744.0,4922.0,5078.0,5114.0,4935.0,5397.0,FRA,4857.0
France,FRA,2016,2.22238,4857.0,4850.0,4744.0,4922.0,5078.0,5114.0,4935.0,5397.0,FRA,4857.0
France,FRA,2016,2.22238,4857.0,4850.0,4744.0,4922.0,5078.0,5114.0,4935.0,5397.0,FRA,4857.0
France,FRA,2016,2.22238,4857.0,4850.0,4744.0,4922.0,5078.0,5114.0,4935.0,5397.0,FRA,4857.0
France,FRA,2016,2.22238,4857.0,4850.0,4744.0,4922.0,5078.0,5114.0,4935.0,5397.0,FRA,4857.0
France,FRA,2016,2.22238,4857.0,4850.0,4744.0,4922.0,5078.0,5114.0,4935.0,5397.0,FRA,4857.0
France,FRA,2017,2.19888,4857.0,4850.0,4744.0,4922.0,5078.0,5114.0,4935.0,5397.0,FRA,4850.0
France,FRA,2017,2.19888,4857.0,4850.0,4744.0,4922.0,5078.0,5114.0,4935.0,5397.0,FRA,4850.0
France,FRA,2017,2.19888,4857.0,4850.0,4744.0,4922.0,5078.0,5114.0,4935.0,5397.0,FRA,4850.0
France,FRA,2017,2.19888,4857.0,4850.0,4744.0,4922.0,5078.0,5114.0,4935.0,5397.0,FRA,4850.0
France,FRA,2017,2.19888,4857.0,4850.0,4744.0,4922.0,5078.0,5114.0,4935.0,5397.0,FRA,4850.0
France,FRA,2017,2.19888,4857.0,4850.0,4744.0,4922.0,5078.0,5114.0,4935.0,5397.0,FRA,4850.0
France,FRA,2018,2.19666,4857.0,4850.0,4744.0,4922.0,5078.0,5114.0,4935.0,5397.0,FRA,4744.0
France,FRA,2018,2.19666,4857.0,4850.0,4744.0,4922.0,5078.0,5114.0,4935.0,5397.0,FRA,4744.0
France,FRA,2018,2.19666,4857.0,4850.0,4744.0,4922.0,5078.0,5114.0,4935.0,5397.0,FRA,4744.0
France,FRA,2018,2.19666,4857.0,4850.0,4744.0,4922.0,5078.0,5114.0,4935.0,5397.0,FRA,4744.0
France,FRA,2018,2.19666,4857.0,4850.0,4744.0,4922.0,5078.0,5114.0,4935.0,5397.0,FRA,4744.0
France,FRA,2018,2.19666,4857.0,4850.0,4744.0,4922.0,5078.0,5114.0,4935.0,5397.0,FRA,4744.0
France,FRA,2019,2.19179,4857.0,4850.0,4744.0,4922.0,5078.0,5114.0,4935.0,5397.0,FRA,4922.0
France,FRA,2019,2.19179,4857.0,4850.0,4744.0,4922.0,5078.0,5114.0,4935.0,5397.0,FRA,4922.0
France,FRA,2019,2.19179,4857.0,4850.0,4744.0,4922.0,5078.0,5114.0,4935.0,5397.0,FRA,4922.0
France,FRA,2019,2.19179,4857.0,4850.0,4744.0,4922.0,5078.0,5114.0,4935.0,5397.0,FRA,4922.0
France,FRA,2019,2.19179,4857.0,4850.0,4744.0,4922.0,5078.0,5114.0,4935.0,5397.0,FRA,4922.0
France,FRA,2019,2.19179,4857.0,4850.0,4744.0,4922.0,5078.0,5114.0,4935.0,5397.0,FRA,4922.0
France,FRA,2020,2.35493,4857.0,4850.0,4744.0,4922.0,5078.0,5114.0,4935.0,5397.0,FRA,5078.0
France,FRA,2020,2.35493,4857.0,4850.0,4744.0,4922.0,5078.0,5114.0,4935.0,5397.0,FRA,5078.0
France,FRA,2020,2.35493,4857.0,4850.0,4744.0,4922.0,5078.0,5114.0,4935.0,5397.0,FRA,5078.0
France,FRA,2020,2.35493,4857.0,4850.0,4744.0,4922.0,5078.0,5114.0,4935.0,5397.0,FRA,5078.0
France,FRA,2020,2.35493,4857.0,4850.0,4744.0,4922.0,5078.0,5114.0,4935.0,5397.0,FRA,5078.0
France,FRA,2020,2.35493,4857.0,4850.0,4744.0,4922.0,5078.0,5114.0,4935.0,5397.0,FRA,5078.0
Gambia,GMB,2018,0.06933,,,,,,,,,GMB,
Georgia,GEO,2016,0.28586,,,,,,,,,GEO,
Georgia,GEO,2016,0.28586,,,,,,,,,GEO,
Georgia,GEO,2016,0.28586,,,,,,,,,GEO,
Georgia,GEO,2016,0.28586,,,,,,,,,GEO,
Georgia,GEO,2016,0.28586,,,,,,,,,GEO,
Georgia,GEO,2016,0.28586,,,,,,,,,GEO,
Georgia,GEO,2017,0.27023,,,,,,,,,GEO,
Georgia,GEO,2017,0.27023,,,,,,,,,GEO,
Georgia,GEO,2017,0.27023,,,,,,,,,GEO,
Georgia,GEO,2017,0.27023,,,,,,,,,GEO,
Georgia,GEO,2017,0.27023,,,,,,,,,GEO,
Georgia,GEO,2017,0.27023,,,,,,,,,GEO,
Georgia,GEO,2018,0.28052,,,,,,,,,GEO,
Georgia,GEO,2018,0.28052,,,,,,,,,GEO,
Georgia,GEO,2018,0.28052,,,,,,,,,GEO,
Georgia,GEO,2018,0.28052,,,,,,,,,GEO,
Georgia,GEO,2018,0.28052,,,,,,,,,GEO,
Georgia,GEO,2018,0.28052,,,,,,,,,GEO,
Georgia,GEO,2019,0.28468,,,,,,,,,GEO,
Georgia,GEO,2019,0.28468,,,,,,,,,GEO,
Georgia,GEO,2019,0.28468,,,,,,,,,GEO,
Georgia,GEO,2019,0.28468,,,,,,,,,GEO,
Georgia,GEO,2019,0.28468,,,,,,,,,GEO,
Georgia,GEO,2019,0.28468,,,,,,,,,GEO,
Georgia,GEO,2020,0.3008,,,,,,,,,GEO,
Georgia,GEO,2020,0.3008,,,,,,,,,GEO,
Georgia,GEO,2020,0.3008,,,,,,,,,GEO,
Georgia,GEO,2020,0.3008,,,,,,,,,GEO,
Georgia,GEO,2020,0.3008,,,,,,,,,GEO,
Georgia,GEO,2020,0.3008,,,,,,,,,GEO,
Germany,DEU,2016,2.94039,8301.0,8291.0,8212.0,8819.0,8801.0,9322.0,9447.0,9409.0,DEU,8301.0
Germany,DEU,2016,2.94039,8301.0,8291.0,8212.0,8819.0,8801.0,9322.0,9447.0,9409.0,DEU,8301.0
Germany,DEU,2016,2.94039,8301.0,8291.0,8212.0,8819.0,8801.0,9322.0,9447.0,9409.0,DEU,8301.0
Germany,DEU,2016,2.94039,8301.0,8291.0,8212.0,8819.0,8801.0,9322.0,9447.0,9409.0,DEU,8301.0
Germany,DEU,2016,2.94039,8301.0,8291.0,8212.0,8819.0,8801.0,9322.0,9447.0,9409.0,DEU,8301.0
Germany,DEU,2016,2.94039,8301.0,8291.0,8212.0,8819.0,8801.0,9322.0,9447.0,9409.0,DEU,8301.0
Germany,DEU,2017,3.0471,8301.0,8291.0,8212.0,8819.0,8801.0,9322.0,9447.0,9409.0,DEU,8291.0
Germany,DEU,2017,3.0471,8301.0,8291.0,8212.0,8819.0,8801.0,9322.0,9447.0,9409.0,DEU,8291.0
Germany,DEU,2017,3.0471,8301.0,8291.0,8212.0,8819.0,8801.0,9322.0,9447.0,9409.0,DEU,8291.0
Germany,DEU,2017,3.0471,8301.0,8291.0,8212.0,8819.0,8801.0,9322.0,9447.0,9409.0,DEU,8291.0
Germany,DEU,2017,3.0471,8301.0,8291.0,8212.0,8819.0,8801.0,9322.0,9447.0,9409.0,DEU,8291.0
Germany,DEU,2017,3.0471,8301.0,8291.0,8212.0,8819.0,8801.0,9322.0,9447.0,9409.0,DEU,8291.0
Germany,DEU,2018,3.10788,8301.0,8291.0,8212.0,8819.0,8801.0,9322.0,9447.0,9409.0,DEU,8212.0
Germany,DEU,2018,3.10788,8301.0,8291.0,8212.0,8819.0,8801.0,9322.0,9447.0,9409.0,DEU,8212.0
Germany,DEU,2018,3.10788,8301.0,8291.0,8212.0,8819.0,8801.0,9322.0,9447.0,9409.0,DEU,8212.0
Germany,DEU,2018,3.10788,8301.0,8291.0,8212.0,8819.0,8801.0,9322.0,9447.0,9409.0,DEU,8212.0
Germany,DEU,2018,3.10788,8301.0,8291.0,8212.0,8819.0,8801.0,9322.0,9447.0,9409.0,DEU,8212.0
Germany,DEU,2018,3.10788,8301.0,8291.0,8212.0,8819.0,8801.0,9322.0,9447.0,9409.0,DEU,8212.0
Germany,DEU,2019,3.1677,8301.0,8291.0,8212.0,8819.0,8801.0,9322.0,9447.0,9409.0,DEU,8819.0
Germany,DEU,2019,3.1677,8301.0,8291.0,8212.0,8819.0,8801.0,9322.0,9447.0,9409.0,DEU,8819.0
Germany,DEU,2019,3.1677,8301.0,8291.0,8212.0,8819.0,8801.0,9322.0,9447.0,9409.0,DEU,8819.0
Germany,DEU,2019,3.1677,8301.0,8291.0,8212.0,8819.0,8801.0,9322.0,9447.0,9409.0,DEU,8819.0
Germany,DEU,2019,3.1677,8301.0,8291.0,8212.0,8819.0,8801.0,9322.0,9447.0,9409.0,DEU,8819.0
Germany,DEU,2019,3.1677,8301.0,8291.0,8212.0,8819.0,8801.0,9322.0,9447.0,9409.0,DEU,8819.0
Germany,DEU,2020,3.14426,8301.0,8291.0,8212.0,8819.0,8801.0,9322.0,9447.0,9409.0,DEU,8801.0
Germany,DEU,2020,3.14426,8301.0,8291.0,8212.0,8819.0,8801.0,9322.0,9447.0,9409.0,DEU,8801.0
Germany,DEU,2020,3.14426,8301.0,8291.0,8212.0,8819.0,8801.0,9322.0,9447.0,9409.0,DEU,8801.0
Germany,DEU,2020,3.14426,8301.0,8291.0,8212.0,8819.0,8801.0,9322.0,9447.0,9409.0,DEU,8801.0
Germany,DEU,2020,3.14426,8301.0,8291.0,8212.0,8819.0,8801.0,9322.0,9447.0,9409.0,DEU,8801.0
Germany,DEU,2020,3.14426,8301.0,8291.0,8212.0,8819.0,8801.0,9322.0,9447.0,9409.0,DEU,8801.0
Greece,GRC,2016,1.00529,408.0,389.0,398.0,432.0,423.0,386.0,402.0,512.0,GRC,408.0
Greece,GRC,2016,1.00529,408.0,389.0,398.0,432.0,423.0,386.0,402.0,512.0,GRC,408.0
Greece,GRC,2016,1.00529,408.0,389.0,398.0,432.0,423.0,386.0,402.0,512.0,GRC,408.0
Greece,GRC,2016,1.00529,408.0,389.0,398.0,432.0,423.0,386.0,402.0,512.0,GRC,408.0
Greece,GRC,2016,1.00529,408.0,389.0,398.0,432.0,423.0,386.0,402.0,512.0,GRC,408.0
Greece,GRC,2016,1.00529,408.0,389.0,398.0,432.0,423.0,386.0,402.0,512.0,GRC,408.0
Greece,GRC,2017,1.15228,408.0,389.0,398.0,432.0,423.0,386.0,402.0,512.0,GRC,389.0
Greece,GRC,2017,1.15228,408.0,389.0,398.0,432.0,423.0,386.0,402.0,512.0,GRC,389.0
Greece,GRC,2017,1.15228,408.0,389.0,398.0,432.0,423.0,386.0,402.0,512.0,GRC,389.0
Greece,GRC,2017,1.15228,408.0,389.0,398.0,432.0,423.0,386.0,402.0,512.0,GRC,389.0
Greece,GRC,2017,1.15228,408.0,389.0,398.0,432.0,423.0,386.0,402.0,512.0,GRC,389.0
Greece,GRC,2017,1.15228,408.0,389.0,398.0,432.0,423.0,386.0,402.0,512.0,GRC,389.0
Greece,GRC,2018,1.21371,408.0,389.0,398.0,432.0,423.0,386.0,402.0,512.0,GRC,398.0
Greece,GRC,2018,1.21371,408.0,389.0,398.0,432.0,423.0,386.0,402.0,512.0,GRC,398.0
Greece,GRC,2018,1.21371,408.0,389.0,398.0,432.0,423.0,386.0,402.0,512.0,GRC,398.0
Greece,GRC,2018,1.21371,408.0,389.0,398.0,432.0,423.0,386.0,402.0,512.0,GRC,398.0
Greece,GRC,2018,1.21371,408.0,389.0,398.0,432.0,423.0,386.0,402.0,512.0,GRC,398.0
Greece,GRC,2018,1.21371,408.0,389.0,398.0,432.0,423.0,386.0,402.0,512.0,GRC,398.0
Greece,GRC,2019,1.27566,408.0,389.0,398.0,432.0,423.0,386.0,402.0,512.0,GRC,432.0
Greece,GRC,2019,1.27566,408.0,389.0,398.0,432.0,423.0,386.0,402.0,512.0,GRC,432.0
Greece,GRC,2019,1.27566,408.0,389.0,398.0,432.0,423.0,386.0,402.0,512.0,GRC,432.0
Greece,GRC,2019,1.27566,408.0,389.0,398.0,432.0,423.0,386.0,402.0,512.0,GRC,432.0
Greece,GRC,2019,1.27566,408.0,389.0,398.0,432.0,423.0,386.0,402.0,512.0,GRC,432.0
Greece,GRC,2019,1.27566,408.0,389.0,398.0,432.0,423.0,386.0,402.0,512.0,GRC,432.0
Greece,GRC,2020,1.4961,408.0,389.0,398.0,432.0,423.0,386.0,402.0,512.0,GRC,423.0
Greece,GRC,2020,1.4961,408.0,389.0,398.0,432.0,423.0,386.0,402.0,512.0,GRC,423.0
Greece,GRC,2020,1.4961,408.0,389.0,398.0,432.0,423.0,386.0,402.0,512.0,GRC,423.0
Greece,GRC,2020,1.4961,408.0,389.0,398.0,432.0,423.0,386.0,402.0,512.0,GRC,423.0
Greece,GRC,2020,1.4961,408.0,389.0,398.0,432.0,423.0,386.0,402.0,512.0,GRC,423.0
Greece,GRC,2020,1.4961,408.0,389.0,398.0,432.0,423.0,386.0,402.0,512.0,GRC,423.0
Hungary,HUN,2016,1.17963,341.0,323.0,340.0,392.0,376.0,407.0,409.0,418.0,HUN,341.0
Hungary,HUN,2016,1.17963,341.0,323.0,340.0,392.0,376.0,407.0,409.0,418.0,HUN,341.0
Hungary,HUN,2016,1.17963,341.0,323.0,340.0,392.0,376.0,407.0,409.0,418.0,HUN,341.0
Hungary,HUN,2016,1.17963,341.0,323.0,340.0,392.0,376.0,407.0,409.0,418.0,HUN,341.0
Hungary,HUN,2016,1.17963,341.0,323.0,340.0,392.0,376.0,407.0,409.0,418.0,HUN,341.0
Hungary,HUN,2016,1.17963,341.0,323.0,340.0,392.0,376.0,407.0,409.0,418.0,HUN,341.0
Hungary,HUN,2017,1.3168,341.0,323.0,340.0,392.0,376.0,407.0,409.0,418.0,HUN,323.0
Hungary,HUN,2017,1.3168,341.0,323.0,340.0,392.0,376.0,407.0,409.0,418.0,HUN,323.0
Hungary,HUN,2017,1.3168,341.0,323.0,340.0,392.0,376.0,407.0,409.0,418.0,HUN,323.0
Hungary,HUN,2017,1.3168,341.0,323.0,340.0,392.0,376.0,407.0,409.0,418.0,HUN,323.0
Hungary,HUN,2017,1.3168,341.0,323.0,340.0,392.0,376.0,407.0,409.0,418.0,HUN,323.0
Hungary,HUN,2017,1.3168,341.0,323.0,340.0,392.0,376.0,407.0,409.0,418.0,HUN,323.0
Hungary,HUN,2018,1.50755,341.0,323.0,340.0,392.0,376.0,407.0,409.0,418.0,HUN,340.0
Hungary,HUN,2018,1.50755,341.0,323.0,340.0,392.0,376.0,407.0,409.0,418.0,HUN,340.0
Hungary,HUN,2018,1.50755,341.0,323.0,340.0,392.0,376.0,407.0,409.0,418.0,HUN,340.0
Hungary,HUN,2018,1.50755,341.0,323.0,340.0,392.0,376.0,407.0,409.0,418.0,HUN,340.0
Hungary,HUN,2018,1.50755,341.0,323.0,340.0,392.0,376.0,407.0,409.0,418.0,HUN,340.0
Hungary,HUN,2018,1.50755,341.0,323.0,340.0,392.0,376.0,407.0,409.0,418.0,HUN,340.0
Hungary,HUN,2019,1.47736,341.0,323.0,340.0,392.0,376.0,407.0,409.0,418.0,HUN,392.0
Hungary,HUN,2019,1.47736,341.0,323.0,340.0,392.0,376.0,407.0,409.0,418.0,HUN,392.0
Hungary,HUN,2019,1.47736,341.0,323.0,340.0,392.0,376.0,407.0,409.0,418.0,HUN,392.0
Hungary,HUN,2019,1.47736,341.0,323.0,340.0,392.0,376.0,407.0,409.0,418.0,HUN,392.0
Hungary,HUN,2019,1.47736,341.0,323.0,340.0,392.0,376.0,407.0,409.0,418.0,HUN,392.0
Hungary,HUN,2019,1.47736,341.0,323.0,340.0,392.0,376.0,407.0,409.0,418.0,HUN,392.0
Hungary,HUN,2020,1.60766,341.0,323.0,340.0,392.0,376.0,407.0,409.0,418.0,HUN,376.0
Hungary,HUN,2020,1.60766,341.0,323.0,340.0,392.0,376.0,407.0,409.0,418.0,HUN,376.0
Hungary,HUN,2020,1.60766,341.0,323.0,340.0,392.0,376.0,407.0,409.0,418.0,HUN,376.0
Hungary,HUN,2020,1.60766,341.0,323.0,340.0,392.0,376.0,407.0,409.0,418.0,HUN,376.0
Hungary,HUN,2020,1.60766,341.0,323.0,340.0,392.0,376.0,407.0,409.0,418.0,HUN,376.0
Hungary,HUN,2020,1.60766,341.0,323.0,340.0,392.0,376.0,407.0,409.0,418.0,HUN,376.0
Iceland,ISL,2016,2.1098,78.0,98.0,107.0,103.0,115.0,98.0,90.0,124.0,ISL,78.0
Iceland,ISL,2016,2.1098,78.0,98.0,107.0,103.0,115.0,98.0,90.0,124.0,ISL,78.0
Iceland,ISL,2016,2.1098,78.0,98.0,107.0,103.0,115.0,98.0,90.0,124.0,ISL,78.0
Iceland,ISL,2016,2.1098,78.0,98.0,107.0,103.0,115.0,98.0,90.0,124.0,ISL,78.0
Iceland,ISL,2016,2.1098,78.0,98.0,107.0,103.0,115.0,98.0,90.0,124.0,ISL,78.0
Iceland,ISL,2016,2.1098,78.0,98.0,107.0,103.0,115.0,98.0,90.0,124.0,ISL,78.0
Iceland,ISL,2017,2.08412,78.0,98.0,107.0,103.0,115.0,98.0,90.0,124.0,ISL,98.0
Iceland,ISL,2017,2.08412,78.0,98.0,107.0,103.0,115.0,98.0,90.0,124.0,ISL,98.0
Iceland,ISL,2017,2.08412,78.0,98.0,107.0,103.0,115.0,98.0,90.0,124.0,ISL,98.0
Iceland,ISL,2017,2.08412,78.0,98.0,107.0,103.0,115.0,98.0,90.0,124.0,ISL,98.0
Iceland,ISL,2017,2.08412,78.0,98.0,107.0,103.0,115.0,98.0,90.0,124.0,ISL,98.0
Iceland,ISL,2017,2.08412,78.0,98.0,107.0,103.0,115.0,98.0,90.0,124.0,ISL,98.0
Iceland,ISL,2018,2.0002,78.0,98.0,107.0,103.0,115.0,98.0,90.0,124.0,ISL,107.0
Iceland,ISL,2018,2.0002,78.0,98.0,107.0,103.0,115.0,98.0,90.0,124.0,ISL,107.0
Iceland,ISL,2018,2.0002,78.0,98.0,107.0,103.0,115.0,98.0,90.0,124.0,ISL,107.0
Iceland,ISL,2018,2.0002,78.0,98.0,107.0,103.0,115.0,98.0,90.0,124.0,ISL,107.0
Iceland,ISL,2018,2.0002,78.0,98.0,107.0,103.0,115.0,98.0,90.0,124.0,ISL,107.0
Iceland,ISL,2018,2.0002,78.0,98.0,107.0,103.0,115.0,98.0,90.0,124.0,ISL,107.0
Iceland,ISL,2019,2.3233,78.0,98.0,107.0,103.0,115.0,98.0,90.0,124.0,ISL,103.0
Iceland,ISL,2019,2.3233,78.0,98.0,107.0,103.0,115.0,98.0,90.0,124.0,ISL,103.0
Iceland,ISL,2019,2.3233,78.0,98.0,107.0,103.0,115.0,98.0,90.0,124.0,ISL,103.0
Iceland,ISL,2019,2.3233,78.0,98.0,107.0,103.0,115.0,98.0,90.0,124.0,ISL,103.0
Iceland,ISL,2019,2.3233,78.0,98.0,107.0,103.0,115.0,98.0,90.0,124.0,ISL,103.0
Iceland,ISL,2019,2.3233,78.0,98.0,107.0,103.0,115.0,98.0,90.0,124.0,ISL,103.0
Iceland,ISL,2020,2.47176,78.0,98.0,107.0,103.0,115.0,98.0,90.0,124.0,ISL,115.0
Iceland,ISL,2020,2.47176,78.0,98.0,107.0,103.0,115.0,98.0,90.0,124.0,ISL,115.0
Iceland,ISL,2020,2.47176,78.0,98.0,107.0,103.0,115.0,98.0,90.0,124.0,ISL,115.0
Iceland,ISL,2020,2.47176,78.0,98.0,107.0,103.0,115.0,98.0,90.0,124.0,ISL,115.0
Iceland,ISL,2020,2.47176,78.0,98.0,107.0,103.0,115.0,98.0,90.0,124.0,ISL,115.0
Iceland,ISL,2020,2.47176,78.0,98.0,107.0,103.0,115.0,98.0,90.0,124.0,ISL,115.0
India,IND,2016,0.66984,1410.0,1337.0,1467.0,1515.0,1656.0,1655.0,1910.0,2012.0,IND,1410.0
India,IND,2016,0.66984,1410.0,1337.0,1467.0,1515.0,1656.0,1655.0,1910.0,2012.0,IND,1410.0
India,IND,2016,0.66984,1410.0,1337.0,1467.0,1515.0,1656.0,1655.0,1910.0,2012.0,IND,1410.0
India,IND,2016,0.66984,1410.0,1337.0,1467.0,1515.0,1656.0,1655.0,1910.0,2012.0,IND,1410.0
India,IND,2017,0.66603,1410.0,1337.0,1467.0,1515.0,1656.0,1655.0,1910.0,2012.0,IND,1337.0
India,IND,2017,0.66603,1410.0,1337.0,1467.0,1515.0,1656.0,1655.0,1910.0,2012.0,IND,1337.0
India,IND,2017,0.66603,1410.0,1337.0,1467.0,1515.0,1656.0,1655.0,1910.0,2012.0,IND,1337.0
India,IND,2017,0.66603,1410.0,1337.0,1467.0,1515.0,1656.0,1655.0,1910.0,2012.0,IND,1337.0
India,IND,2018,0.65573,1410.0,1337.0,1467.0,1515.0,1656.0,1655.0,1910.0,2012.0,IND,1467.0
India,IND,2018,0.65573,1410.0,1337.0,1467.0,1515.0,1656.0,1655.0,1910.0,2012.0,IND,1467.0
India,IND,2018,0.65573,1410.0,1337.0,1467.0,1515.0,1656.0,1655.0,1910.0,2012.0,IND,1467.0
India,IND,2018,0.65573,1410.0,1337.0,1467.0,1515.0,1656.0,1655.0,1910.0,2012.0,IND,1467.0
Iran,IRN,2017,0.83027,161.0,209.0,243.0,310.0,293.0,266.0,271.0,290.0,IRN,209.0
Iran,IRN,2017,0.83027,161.0,209.0,243.0,310.0,293.0,266.0,271.0,290.0,IRN,209.0
Iran,IRN,2017,0.83027,161.0,209.0,243.0,310.0,293.0,266.0,271.0,290.0,IRN,209.0
Iran,IRN,2019,0.88359,161.0,209.0,243.0,310.0,293.0,266.0,271.0,290.0,IRN,310.0
Iran,IRN,2019,0.88359,161.0,209.0,243.0,310.0,293.0,266.0,271.0,290.0,IRN,310.0
Iran,IRN,2019,0.88359,161.0,209.0,243.0,310.0,293.0,266.0,271.0,290.0,IRN,310.0
Ireland,IRL,2016,1.17571,434.0,426.0,471.0,481.0,450.0,492.0,425.0,531.0,IRL,434.0
Ireland,IRL,2016,1.17571,434.0,426.0,471.0,481.0,450.0,492.0,425.0,531.0,IRL,434.0
Ireland,IRL,2016,1.17571,434.0,426.0,471.0,481.0,450.0,492.0,425.0,531.0,IRL,434.0
Ireland,IRL,2016,1.17571,434.0,426.0,471.0,481.0,450.0,492.0,425.0,531.0,IRL,434.0
Ireland,IRL,2016,1.17571,434.0,426.0,471.0,481.0,450.0,492.0,425.0,531.0,IRL,434.0
Ireland,IRL,2016,1.17571,434.0,426.0,471.0,481.0,450.0,492.0,425.0,531.0,IRL,434.0
Ireland,IRL,2017,1.2554,434.0,426.0,471.0,481.0,450.0,492.0,425.0,531.0,IRL,426.0
Ireland,IRL,2017,1.2554,434.0,426.0,471.0,481.0,450.0,492.0,425.0,531.0,IRL,426.0
Ireland,IRL,2017,1.2554,434.0,426.0,471.0,481.0,450.0,492.0,425.0,531.0,IRL,426.0
Ireland,IRL,2017,1.2554,434.0,426.0,471.0,481.0,450.0,492.0,425.0,531.0,IRL,426.0
Ireland,IRL,2017,1.2554,434.0,426.0,471.0,481.0,450.0,492.0,425.0,531.0,IRL,426.0
Ireland,IRL,2017,1.2554,434.0,426.0,471.0,481.0,450.0,492.0,425.0,531.0,IRL,426.0
Ireland,IRL,2018,1.1693,434.0,426.0,471.0,481.0,450.0,492.0,425.0,531.0,IRL,471.0
Ireland,IRL,2018,1.1693,434.0,426.0,471.0,481.0,450.0,492.0,425.0,531.0,IRL,471.0
Ireland,IRL,2018,1.1693,434.0,426.0,471.0,481.0,450.0,492.0,425.0,531.0,IRL,471.0
Ireland,IRL,2018,1.1693,434.0,426.0,471.0,481.0,450.0,492.0,425.0,531.0,IRL,471.0
Ireland,IRL,2018,1.1693,434.0,426.0,471.0,481.0,450.0,492.0,425.0,531.0,IRL,471.0
Ireland,IRL,2018,1.1693,434.0,426.0,471.0,481.0,450.0,492.0,425.0,531.0,IRL,471.0
Ireland,IRL,2019,1.22589,434.0,426.0,471.0,481.0,450.0,492.0,425.0,531.0,IRL,481.0
Ireland,IRL,2019,1.22589,434.0,426.0,471.0,481.0,450.0,492.0,425.0,531.0,IRL,481.0
Ireland,IRL,2019,1.22589,434.0,426.0,471.0,481.0,450.0,492.0,425.0,531.0,IRL,481.0
Ireland,IRL,2019,1.22589,434.0,426.0,471.0,481.0,450.0,492.0,425.0,531.0,IRL,481.0
Ireland,IRL,2019,1.22589,434.0,426.0,471.0,481.0,450.0,492.0,425.0,531.0,IRL,481.0
Ireland,IRL,2019,1.22589,434.0,426.0,471.0,481.0,450.0,492.0,425.0,531.0,IRL,481.0
Ireland,IRL,2020,1.23233,434.0,426.0,471.0,481.0,450.0,492.0,425.0,531.0,IRL,450.0
Ireland,IRL,2020,1.23233,434.0,426.0,471.0,481.0,450.0,492.0,425.0,531.0,IRL,450.0
Ireland,IRL,2020,1.23233,434.0,426.0,471.0,481.0,450.0,492.0,425.0,531.0,IRL,450.0
Ireland,IRL,2020,1.23233,434.0,426.0,471.0,481.0,450.0,492.0,425.0,531.0,IRL,450.0
Ireland,IRL,2020,1.23233,434.0,426.0,471.0,481.0,450.0,492.0,425.0,531.0,IRL,450.0
Ireland,IRL,2020,1.23233,434.0,426.0,471.0,481.0,450.0,492.0,425.0,531.0,IRL,450.0
Israel,ISR,2016,4.51087,1187.0,1122.0,1199.0,1233.0,1292.0,1288.0,1347.0,1393.0,ISR,1187.0
Israel,ISR,2016,4.51087,1187.0,1122.0,1199.0,1233.0,1292.0,1288.0,1347.0,1393.0,ISR,1187.0
Israel,ISR,2016,4.51087,1187.0,1122.0,1199.0,1233.0,1292.0,1288.0,1347.0,1393.0,ISR,1187.0
Israel,ISR,2016,4.51087,1187.0,1122.0,1199.0,1233.0,1292.0,1288.0,1347.0,1393.0,ISR,1187.0
Israel,ISR,2016,4.51087,1187.0,1122.0,1199.0,1233.0,1292.0,1288.0,1347.0,1393.0,ISR,1187.0
Israel,ISR,2016,4.51087,1187.0,1122.0,1199.0,1233.0,1292.0,1288.0,1347.0,1393.0,ISR,1187.0
Israel,ISR,2017,4.65676,1187.0,1122.0,1199.0,1233.0,1292.0,1288.0,1347.0,1393.0,ISR,1122.0
Israel,ISR,2017,4.65676,1187.0,1122.0,1199.0,1233.0,1292.0,1288.0,1347.0,1393.0,ISR,1122.0
Israel,ISR,2017,4.65676,1187.0,1122.0,1199.0,1233.0,1292.0,1288.0,1347.0,1393.0,ISR,1122.0
Israel,ISR,2017,4.65676,1187.0,1122.0,1199.0,1233.0,1292.0,1288.0,1347.0,1393.0,ISR,1122.0
Israel,ISR,2017,4.65676,1187.0,1122.0,1199.0,1233.0,1292.0,1288.0,1347.0,1393.0,ISR,1122.0
Israel,ISR,2017,4.65676,1187.0,1122.0,1199.0,1233.0,1292.0,1288.0,1347.0,1393.0,ISR,1122.0
Israel,ISR,2018,4.79662,1187.0,1122.0,1199.0,1233.0,1292.0,1288.0,1347.0,1393.0,ISR,1199.0
Israel,ISR,2018,4.79662,1187.0,1122.0,1199.0,1233.0,1292.0,1288.0,1347.0,1393.0,ISR,1199.0
Israel,ISR,2018,4.79662,1187.0,1122.0,1199.0,1233.0,1292.0,1288.0,1347.0,1393.0,ISR,1199.0
Israel,ISR,2018,4.79662,1187.0,1122.0,1199.0,1233.0,1292.0,1288.0,1347.0,1393.0,ISR,1199.0
Israel,ISR,2018,4.79662,1187.0,1122.0,1199.0,1233.0,1292.0,1288.0,1347.0,1393.0,ISR,1199.0
Israel,ISR,2018,4.79662,1187.0,1122.0,1199.0,1233.0,1292.0,1288.0,1347.0,1393.0,ISR,1199.0
Israel,ISR,2019,5.13983,1187.0,1122.0,1199.0,1233.0,1292.0,1288.0,1347.0,1393.0,ISR,1233.0
Israel,ISR,2019,5.13983,1187.0,1122.0,1199.0,1233.0,1292.0,1288.0,1347.0,1393.0,ISR,1233.0
Israel,ISR,2019,5.13983,1187.0,1122.0,1199.0,1233.0,1292.0,1288.0,1347.0,1393.0,ISR,1233.0
Israel,ISR,2019,5.13983,1187.0,1122.0,1199.0,1233.0,1292.0,1288.0,1347.0,1393.0,ISR,1233.0
Israel,ISR,2019,5.13983,1187.0,1122.0,1199.0,1233.0,1292.0,1288.0,1347.0,1393.0,ISR,1233.0
Israel,ISR,2019,5.13983,1187.0,1122.0,1199.0,1233.0,1292.0,1288.0,1347.0,1393.0,ISR,1233.0
Israel,ISR,2020,5.43562,1187.0,1122.0,1199.0,1233.0,1292.0,1288.0,1347.0,1393.0,ISR,1292.0
Israel,ISR,2020,5.43562,1187.0,1122.0,1199.0,1233.0,1292.0,1288.0,1347.0,1393.0,ISR,1292.0
Israel,ISR,2020,5.43562,1187.0,1122.0,1199.0,1233.0,1292.0,1288.0,1347.0,1393.0,ISR,1292.0
Israel,ISR,2020,5.43562,1187.0,1122.0,1199.0,1233.0,1292.0,1288.0,1347.0,1393.0,ISR,1292.0
Israel,ISR,2020,5.43562,1187.0,1122.0,1199.0,1233.0,1292.0,1288.0,1347.0,1393.0,ISR,1292.0
Israel,ISR,2020,5.43562,1187.0,1122.0,1199.0,1233.0,1292.0,1288.0,1347.0,1393.0,ISR,1292.0
Italy,ITA,2016,1.36642,2632.0,2479.0,2552.0,2677.0,2657.0,2896.0,2985.0,3429.0,ITA,2632.0
Italy,ITA,2016,1.36642,2632.0,2479.0,2552.0,2677.0,2657.0,2896.0,2985.0,3429.0,ITA,2632.0
Italy,ITA,2016,1.36642,2632.0,2479.0,2552.0,2677.0,2657.0,2896.0,2985.0,3429.0,ITA,2632.0
Italy,ITA,2016,1.36642,2632.0,2479.0,2552.0,2677.0,2657.0,2896.0,2985.0,3429.0,ITA,2632.0
Italy,ITA,2016,1.36642,2632.0,2479.0,2552.0,2677.0,2657.0,2896.0,2985.0,3429.0,ITA,2632.0
Italy,ITA,2016,1.36642,2632.0,2479.0,2552.0,2677.0,2657.0,2896.0,2985.0,3429.0,ITA,2632.0
Italy,ITA,2017,1.37013,2632.0,2479.0,2552.0,2677.0,2657.0,2896.0,2985.0,3429.0,ITA,2479.0
Italy,ITA,2017,1.37013,2632.0,2479.0,2552.0,2677.0,2657.0,2896.0,2985.0,3429.0,ITA,2479.0
Italy,ITA,2017,1.37013,2632.0,2479.0,2552.0,2677.0,2657.0,2896.0,2985.0,3429.0,ITA,2479.0
Italy,ITA,2017,1.37013,2632.0,2479.0,2552.0,2677.0,2657.0,2896.0,2985.0,3429.0,ITA,2479.0
Italy,ITA,2017,1.37013,2632.0,2479.0,2552.0,2677.0,2657.0,2896.0,2985.0,3429.0,ITA,2479.0
Italy,ITA,2017,1.37013,2632.0,2479.0,2552.0,2677.0,2657.0,2896.0,2985.0,3429.0,ITA,2479.0
Italy,ITA,2018,1.42443,2632.0,2479.0,2552.0,2677.0,2657.0,2896.0,2985.0,3429.0,ITA,2552.0
Italy,ITA,2018,1.42443,2632.0,2479.0,2552.0,2677.0,2657.0,2896.0,2985.0,3429.0,ITA,2552.0
Italy,ITA,2018,1.42443,2632.0,2479.0,2552.0,2677.0,2657.0,2896.0,2985.0,3429.0,ITA,2552.0
Italy,ITA,2018,1.42443,2632.0,2479.0,2552.0,2677.0,2657.0,2896.0,2985.0,3429.0,ITA,2552.0
Italy,ITA,2018,1.42443,2632.0,2479.0,2552.0,2677.0,2657.0,2896.0,2985.0,3429.0,ITA,2552.0
Italy,ITA,2018,1.42443,2632.0,2479.0,2552.0,2677.0,2657.0,2896.0,2985.0,3429.0,ITA,2552.0
Italy,ITA,2019,1.46299,2632.0,2479.0,2552.0,2677.0,2657.0,2896.0,2985.0,3429.0,ITA,2677.0
Italy,ITA,2019,1.46299,2632.0,2479.0,2552.0,2677.0,2657.0,2896.0,2985.0,3429.0,ITA,2677.0
Italy,ITA,2019,1.46299,2632.0,2479.0,2552.0,2677.0,2657.0,2896.0,2985.0,3429.0,ITA,2677.0
Italy,ITA,2019,1.46299,2632.0,2479.0,2552.0,2677.0,2657.0,2896.0,2985.0,3429.0,ITA,2677.0
Italy,ITA,2019,1.46299,2632.0,2479.0,2552.0,2677.0,2657.0,2896.0,2985.0,3429.0,ITA,2677.0
Italy,ITA,2019,1.46299,2632.0,2479.0,2552.0,2677.0,2657.0,2896.0,2985.0,3429.0,ITA,2677.0
Italy,ITA,2020,1.53391,2632.0,2479.0,2552.0,2677.0,2657.0,2896.0,2985.0,3429.0,ITA,2657.0
Italy,ITA,2020,1.53391,2632.0,2479.0,2552.0,2677.0,2657.0,2896.0,2985.0,3429.0,ITA,2657.0
Italy,ITA,2020,1.53391,2632.0,2479.0,2552.0,2677.0,2657.0,2896.0,2985.0,3429.0,ITA,2657.0
Italy,ITA,2020,1.53391,2632.0,2479.0,2552.0,2677.0,2657.0,2896.0,2985.0,3429.0,ITA,2657.0
Italy,ITA,2020,1.53391,2632.0,2479.0,2552.0,2677.0,2657.0,2896.0,2985.0,3429.0,ITA,2657.0
Italy,ITA,2020,1.53391,2632.0,2479.0,2552.0,2677.0,2657.0,2896.0,2985.0,3429.0,ITA,2657.0
Japan,JPN,2016,3.10666,5063.0,4804.0,4782.0,4935.0,4914.0,5291.0,5196.0,5044.0,JPN,5063.0
Japan,JPN,2016,3.10666,5063.0,4804.0,4782.0,4935.0,4914.0,5291.0,5196.0,5044.0,JPN,5063.0
Japan,JPN,2016,3.10666,5063.0,4804.0,4782.0,4935.0,4914.0,5291.0,5196.0,5044.0,JPN,5063.0
Japan,JPN,2016,3.10666,5063.0,4804.0,4782.0,4935.0,4914.0,5291.0,5196.0,5044.0,JPN,5063.0
Japan,JPN,2016,3.10666,5063.0,4804.0,4782.0,4935.0,4914.0,5291.0,5196.0,5044.0,JPN,5063.0
Japan,JPN,2016,3.10666,5063.0,4804.0,4782.0,4935.0,4914.0,5291.0,5196.0,5044.0,JPN,5063.0
Japan,JPN,2017,3.16636,5063.0,4804.0,4782.0,4935.0,4914.0,5291.0,5196.0,5044.0,JPN,4804.0
Japan,JPN,2017,3.16636,5063.0,4804.0,4782.0,4935.0,4914.0,5291.0,5196.0,5044.0,JPN,4804.0
Japan,JPN,2017,3.16636,5063.0,4804.0,4782.0,4935.0,4914.0,5291.0,5196.0,5044.0,JPN,4804.0
Japan,JPN,2017,3.16636,5063.0,4804.0,4782.0,4935.0,4914.0,5291.0,5196.0,5044.0,JPN,4804.0
Japan,JPN,2017,3.16636,5063.0,4804.0,4782.0,4935.0,4914.0,5291.0,5196.0,5044.0,JPN,4804.0
Japan,JPN,2017,3.16636,5063.0,4804.0,4782.0,4935.0,4914.0,5291.0,5196.0,5044.0,JPN,4804.0
Japan,JPN,2018,3.22175,5063.0,4804.0,4782.0,4935.0,4914.0,5291.0,5196.0,5044.0,JPN,4782.0
Japan,JPN,2018,3.22175,5063.0,4804.0,4782.0,4935.0,4914.0,5291.0,5196.0,5044.0,JPN,4782.0
Japan,JPN,2018,3.22175,5063.0,4804.0,4782.0,4935.0,4914.0,5291.0,5196.0,5044.0,JPN,4782.0
Japan,JPN,2018,3.22175,5063.0,4804.0,4782.0,4935.0,4914.0,5291.0,5196.0,5044.0,JPN,4782.0
Japan,JPN,2018,3.22175,5063.0,4804.0,4782.0,4935.0,4914.0,5291.0,5196.0,5044.0,JPN,4782.0
Japan,JPN,2018,3.22175,5063.0,4804.0,4782.0,4935.0,4914.0,5291.0,5196.0,5044.0,JPN,4782.0
Japan,JPN,2019,3.19899,5063.0,4804.0,4782.0,4935.0,4914.0,5291.0,5196.0,5044.0,JPN,4935.0
Japan,JPN,2019,3.19899,5063.0,4804.0,4782.0,4935.0,4914.0,5291.0,5196.0,5044.0,JPN,4935.0
Japan,JPN,2019,3.19899,5063.0,4804.0,4782.0,4935.0,4914.0,5291.0,5196.0,5044.0,JPN,4935.0
Japan,JPN,2019,3.19899,5063.0,4804.0,4782.0,4935.0,4914.0,5291.0,5196.0,5044.0,JPN,4935.0
Japan,JPN,2019,3.19899,5063.0,4804.0,4782.0,4935.0,4914.0,5291.0,5196.0,5044.0,JPN,4935.0
Japan,JPN,2019,3.19899,5063.0,4804.0,4782.0,4935.0,4914.0,5291.0,5196.0,5044.0,JPN,4935.0
Japan,JPN,2020,3.26317,5063.0,4804.0,4782.0,4935.0,4914.0,5291.0,5196.0,5044.0,JPN,4914.0
Japan,JPN,2020,3.26317,5063.0,4804.0,4782.0,4935.0,4914.0,5291.0,5196.0,5044.0,JPN,4914.0
Japan,JPN,2020,3.26317,5063.0,4804.0,4782.0,4935.0,4914.0,5291.0,5196.0,5044.0,JPN,4914.0
Japan,JPN,2020,3.26317,5063.0,4804.0,4782.0,4935.0,4914.0,5291.0,5196.0,5044.0,JPN,4914.0
Japan,JPN,2020,3.26317,5063.0,4804.0,4782.0,4935.0,4914.0,5291.0,5196.0,5044.0,JPN,4914.0
Japan,JPN,2020,3.26317,5063.0,4804.0,4782.0,4935.0,4914.0,5291.0,5196.0,5044.0,JPN,4914.0
Mexico,MEX,2016,0.38778,293.0,313.0,350.0,395.0,380.0,407.0,428.0,393.0,MEX,293.0
Mexico,MEX,2016,0.38778,293.0,313.0,350.0,395.0,380.0,407.0,428.0,393.0,MEX,293.0
Mexico,MEX,2016,0.38778,293.0,313.0,350.0,395.0,380.0,407.0,428.0,393.0,MEX,293.0
Mexico,MEX,2016,0.38778,293.0,313.0,350.0,395.0,380.0,407.0,428.0,393.0,MEX,293.0
Mexico,MEX,2016,0.38778,293.0,313.0,350.0,395.0,380.0,407.0,428.0,393.0,MEX,293.0
Mexico,MEX,2016,0.38778,293.0,313.0,350.0,395.0,380.0,407.0,428.0,393.0,MEX,293.0
Mexico,MEX,2017,0.32832,293.0,313.0,350.0,395.0,380.0,407.0,428.0,393.0,MEX,313.0
Mexico,MEX,2017,0.32832,293.0,313.0,350.0,395.0,380.0,407.0,428.0,393.0,MEX,313.0
Mexico,MEX,2017,0.32832,293.0,313.0,350.0,395.0,380.0,407.0,428.0,393.0,MEX,313.0
Mexico,MEX,2017,0.32832,293.0,313.0,350.0,395.0,380.0,407.0,428.0,393.0,MEX,313.0
Mexico,MEX,2017,0.32832,293.0,313.0,350.0,395.0,380.0,407.0,428.0,393.0,MEX,313.0
Mexico,MEX,2017,0.32832,293.0,313.0,350.0,395.0,380.0,407.0,428.0,393.0,MEX,313.0
Mexico,MEX,2018,0.30711,293.0,313.0,350.0,395.0,380.0,407.0,428.0,393.0,MEX,350.0
Mexico,MEX,2018,0.30711,293.0,313.0,350.0,395.0,380.0,407.0,428.0,393.0,MEX,350.0
Mexico,MEX,2018,0.30711,293.0,313.0,350.0,395.0,380.0,407.0,428.0,393.0,MEX,350.0
Mexico,MEX,2018,0.30711,293.0,313.0,350.0,395.0,380.0,407.0,428.0,393.0,MEX,350.0
Mexico,MEX,2018,0.30711,293.0,313.0,350.0,395.0,380.0,407.0,428.0,393.0,MEX,350.0
Mexico,MEX,2018,0.30711,293.0,313.0,350.0,395.0,380.0,407.0,428.0,393.0,MEX,350.0
Mexico,MEX,2019,0.28384,293.0,313.0,350.0,395.0,380.0,407.0,428.0,393.0,MEX,395.0
Mexico,MEX,2019,0.28384,293.0,313.0,350.0,395.0,380.0,407.0,428.0,393.0,MEX,395.0
Mexico,MEX,2019,0.28384,293.0,313.0,350.0,395.0,380.0,407.0,428.0,393.0,MEX,395.0
Mexico,MEX,2019,0.28384,293.0,313.0,350.0,395.0,380.0,407.0,428.0,393.0,MEX,395.0
Mexico,MEX,2019,0.28384,293.0,313.0,350.0,395.0,380.0,407.0,428.0,393.0,MEX,395.0
Mexico,MEX,2019,0.28384,293.0,313.0,350.0,395.0,380.0,407.0,428.0,393.0,MEX,395.0
Mexico,MEX,2020,0.30096,293.0,313.0,350.0,395.0,380.0,407.0,428.0,393.0,MEX,380.0
Mexico,MEX,2020,0.30096,293.0,313.0,350.0,395.0,380.0,407.0,428.0,393.0,MEX,380.0
Mexico,MEX,2020,0.30096,293.0,313.0,350.0,395.0,380.0,407.0,428.0,393.0,MEX,380.0
Mexico,MEX,2020,0.30096,293.0,313.0,350.0,395.0,380.0,407.0,428.0,393.0,MEX,380.0
Mexico,MEX,2020,0.30096,293.0,313.0,350.0,395.0,380.0,407.0,428.0,393.0,MEX,380.0
Mexico,MEX,2020,0.30096,293.0,313.0,350.0,395.0,380.0,407.0,428.0,393.0,MEX,380.0
Netherlands,NLD,2016,2.15081,2118.0,2219.0,2232.0,2320.0,2411.0,2549.0,2446.0,3011.0,NLD,2118.0
Netherlands,NLD,2016,2.15081,2118.0,2219.0,2232.0,2320.0,2411.0,2549.0,2446.0,3011.0,NLD,2118.0
Netherlands,NLD,2016,2.15081,2118.0,2219.0,2232.0,2320.0,2411.0,2549.0,2446.0,3011.0,NLD,2118.0
Netherlands,NLD,2016,2.15081,2118.0,2219.0,2232.0,2320.0,2411.0,2549.0,2446.0,3011.0,NLD,2118.0
Netherlands,NLD,2016,2.15081,2118.0,2219.0,2232.0,2320.0,2411.0,2549.0,2446.0,3011.0,NLD,2118.0
Netherlands,NLD,2016,2.15081,2118.0,2219.0,2232.0,2320.0,2411.0,2549.0,2446.0,3011.0,NLD,2118.0
Netherlands,NLD,2017,2.17857,2118.0,2219.0,2232.0,2320.0,2411.0,2549.0,2446.0,3011.0,NLD,2219.0
Netherlands,NLD,2017,2.17857,2118.0,2219.0,2232.0,2320.0,2411.0,2549.0,2446.0,3011.0,NLD,2219.0
Netherlands,NLD,2017,2.17857,2118.0,2219.0,2232.0,2320.0,2411.0,2549.0,2446.0,3011.0,NLD,2219.0
Netherlands,NLD,2017,2.17857,2118.0,2219.0,2232.0,2320.0,2411.0,2549.0,2446.0,3011.0,NLD,2219.0
Netherlands,NLD,2017,2.17857,2118.0,2219.0,2232.0,2320.0,2411.0,2549.0,2446.0,3011.0,NLD,2219.0
Netherlands,NLD,2017,2.17857,2118.0,2219.0,2232.0,2320.0,2411.0,2549.0,2446.0,3011.0,NLD,2219.0
Netherlands,NLD,2018,2.1388,2118.0,2219.0,2232.0,2320.0,2411.0,2549.0,2446.0,3011.0,NLD,2232.0
Netherlands,NLD,2018,2.1388,2118.0,2219.0,2232.0,2320.0,2411.0,2549.0,2446.0,3011.0,NLD,2232.0
Netherlands,NLD,2018,2.1388,2118.0,2219.0,2232.0,2320.0,2411.0,2549.0,2446.0,3011.0,NLD,2232.0
Netherlands,NLD,2018,2.1388,2118.0,2219.0,2232.0,2320.0,2411.0,2549.0,2446.0,3011.0,NLD,2232.0
Netherlands,NLD,2018,2.1388,2118.0,2219.0,2232.0,2320.0,2411.0,2549.0,2446.0,3011.0,NLD,2232.0
Netherlands,NLD,2018,2.1388,2118.0,2219.0,2232.0,2320.0,2411.0,2549.0,2446.0,3011.0,NLD,2232.0
Netherlands,NLD,2019,2.18435,2118.0,2219.0,2232.0,2320.0,2411.0,2549.0,2446.0,3011.0,NLD,2320.0
Netherlands,NLD,2019,2.18435,2118.0,2219.0,2232.0,2320.0,2411.0,2549.0,2446.0,3011.0,NLD,2320.0
Netherlands,NLD,2019,2.18435,2118.0,2219.0,2232.0,2320.0,2411.0,2549.0,2446.0,3011.0,NLD,2320.0
Netherlands,NLD,2019,2.18435,2118.0,2219.0,2232.0,2320.0,2411.0,2549.0,2446.0,3011.0,NLD,2320.0
Netherlands,NLD,2019,2.18435,2118.0,2219.0,2232.0,2320.0,2411.0,2549.0,2446.0,3011.0,NLD,2320.0
Netherlands,NLD,2019,2.18435,2118.0,2219.0,2232.0,2320.0,2411.0,2549.0,2446.0,3011.0,NLD,2320.0
Netherlands,NLD,2020,2.29423,2118.0,2219.0,2232.0,2320.0,2411.0,2549.0,2446.0,3011.0,NLD,2411.0
Netherlands,NLD,2020,2.29423,2118.0,2219.0,2232.0,2320.0,2411.0,2549.0,2446.0,3011.0,NLD,2411.0
Netherlands,NLD,2020,2.29423,2118.0,2219.0,2232.0,2320.0,2411.0,2549.0,2446.0,3011.0,NLD,2411.0
Netherlands,NLD,2020,2.29423,2118.0,2219.0,2232.0,2320.0,2411.0,2549.0,2446.0,3011.0,NLD,2411.0
Netherlands,NLD,2020,2.29423,2118.0,2219.0,2232.0,2320.0,2411.0,2549.0,2446.0,3011.0,NLD,2411.0
Netherlands,NLD,2020,2.29423,2118.0,2219.0,2232.0,2320.0,2411.0,2549.0,2446.0,3011.0,NLD,2411.0
New Zealand,NZL,2017,1.34654,352.0,358.0,391.0,435.0,444.0,438.0,387.0,527.0,NZL,358.0
New Zealand,NZL,2017,1.34654,352.0,358.0,391.0,435.0,444.0,438.0,387.0,527.0,NZL,358.0
New Zealand,NZL,2017,1.34654,352.0,358.0,391.0,435.0,444.0,438.0,387.0,527.0,NZL,358.0
New Zealand,NZL,2019,1.40774,352.0,358.0,391.0,435.0,444.0,438.0,387.0,527.0,NZL,435.0
New Zealand,NZL,2019,1.40774,352.0,358.0,391.0,435.0,444.0,438.0,387.0,527.0,NZL,435.0
New Zealand,NZL,2019,1.40774,352.0,358.0,391.0,435.0,444.0,438.0,387.0,527.0,NZL,435.0
Norway,NOR,2016,2.0446,564.0,595.0,653.0,686.0,737.0,799.0,750.0,857.0,NOR,564.0
Norway,NOR,2016,2.0446,564.0,595.0,653.0,686.0,737.0,799.0,750.0,857.0,NOR,564.0
Norway,NOR,2016,2.0446,564.0,595.0,653.0,686.0,737.0,799.0,750.0,857.0,NOR,564.0
Norway,NOR,2016,2.0446,564.0,595.0,653.0,686.0,737.0,799.0,750.0,857.0,NOR,564.0
Norway,NOR,2016,2.0446,564.0,595.0,653.0,686.0,737.0,799.0,750.0,857.0,NOR,564.0
Norway,NOR,2016,2.0446,564.0,595.0,653.0,686.0,737.0,799.0,750.0,857.0,NOR,564.0
Norway,NOR,2017,2.09919,564.0,595.0,653.0,686.0,737.0,799.0,750.0,857.0,NOR,595.0
Norway,NOR,2017,2.09919,564.0,595.0,653.0,686.0,737.0,799.0,750.0,857.0,NOR,595.0
Norway,NOR,2017,2.09919,564.0,595.0,653.0,686.0,737.0,799.0,750.0,857.0,NOR,595.0
Norway,NOR,2017,2.09919,564.0,595.0,653.0,686.0,737.0,799.0,750.0,857.0,NOR,595.0
Norway,NOR,2017,2.09919,564.0,595.0,653.0,686.0,737.0,799.0,750.0,857.0,NOR,595.0
Norway,NOR,2017,2.09919,564.0,595.0,653.0,686.0,737.0,799.0,750.0,857.0,NOR,595.0
Norway,NOR,2018,2.04781,564.0,595.0,653.0,686.0,737.0,799.0,750.0,857.0,NOR,653.0
Norway,NOR,2018,2.04781,564.0,595.0,653.0,686.0,737.0,799.0,750.0,857.0,NOR,653.0
Norway,NOR,2018,2.04781,564.0,595.0,653.0,686.0,737.0,799.0,750.0,857.0,NOR,653.0
Norway,NOR,2018,2.04781,564.0,595.0,653.0,686.0,737.0,799.0,750.0,857.0,NOR,653.0
Norway,NOR,2018,2.04781,564.0,595.0,653.0,686.0,737.0,799.0,750.0,857.0,NOR,653.0
Norway,NOR,2018,2.04781,564.0,595.0,653.0,686.0,737.0,799.0,750.0,857.0,NOR,653.0
Norway,NOR,2019,2.15302,564.0,595.0,653.0,686.0,737.0,799.0,750.0,857.0,NOR,686.0
Norway,NOR,2019,2.15302,564.0,595.0,653.0,686.0,737.0,799.0,750.0,857.0,NOR,686.0
Norway,NOR,2019,2.15302,564.0,595.0,653.0,686.0,737.0,799.0,750.0,857.0,NOR,686.0
Norway,NOR,2019,2.15302,564.0,595.0,653.0,686.0,737.0,799.0,750.0,857.0,NOR,686.0
Norway,NOR,2019,2.15302,564.0,595.0,653.0,686.0,737.0,799.0,750.0,857.0,NOR,686.0
Norway,NOR,2019,2.15302,564.0,595.0,653.0,686.0,737.0,799.0,750.0,857.0,NOR,686.0
Norway,NOR,2020,2.27601,564.0,595.0,653.0,686.0,737.0,799.0,750.0,857.0,NOR,737.0
Norway,NOR,2020,2.27601,564.0,595.0,653.0,686.0,737.0,799.0,750.0,857.0,NOR,737.0
Norway,NOR,2020,2.27601,564.0,595.0,653.0,686.0,737.0,799.0,750.0,857.0,NOR,737.0
Norway,NOR,2020,2.27601,564.0,595.0,653.0,686.0,737.0,799.0,750.0,857.0,NOR,737.0
Norway,NOR,2020,2.27601,564.0,595.0,653.0,686.0,737.0,799.0,750.0,857.0,NOR,737.0
Norway,NOR,2020,2.27601,564.0,595.0,653.0,686.0,737.0,799.0,750.0,857.0,NOR,737.0
Poland,POL,2016,0.96287,768.0,748.0,813.0,856.0,828.0,917.0,895.0,1041.0,POL,768.0
Poland,POL,2016,0.96287,768.0,748.0,813.0,856.0,828.0,917.0,895.0,1041.0,POL,768.0
Poland,POL,2016,0.96287,768.0,748.0,813.0,856.0,828.0,917.0,895.0,1041.0,POL,768.0
Poland,POL,2016,0.96287,768.0,748.0,813.0,856.0,828.0,917.0,895.0,1041.0,POL,768.0
Poland,POL,2016,0.96287,768.0,748.0,813.0,856.0,828.0,917.0,895.0,1041.0,POL,768.0
Poland,POL,2016,0.96287,768.0,748.0,813.0,856.0,828.0,917.0,895.0,1041.0,POL,768.0
Poland,POL,2017,1.03418,768.0,748.0,813.0,856.0,828.0,917.0,895.0,1041.0,POL,748.0
Poland,POL,2017,1.03418,768.0,748.0,813.0,856.0,828.0,917.0,895.0,1041.0,POL,748.0
Poland,POL,2017,1.03418,768.0,748.0,813.0,856.0,828.0,917.0,895.0,1041.0,POL,748.0
Poland,POL,2017,1.03418,768.0,748.0,813.0,856.0,828.0,917.0,895.0,1041.0,POL,748.0
Poland,POL,2017,1.03418,768.0,748.0,813.0,856.0,828.0,917.0,895.0,1041.0,POL,748.0
Poland,POL,2017,1.03418,768.0,748.0,813.0,856.0,828.0,917.0,895.0,1041.0,POL,748.0
Poland,POL,2018,1.20891,768.0,748.0,813.0,856.0,828.0,917.0,895.0,1041.0,POL,813.0
Poland,POL,2018,1.20891,768.0,748.0,813.0,856.0,828.0,917.0,895.0,1041.0,POL,813.0
Poland,POL,2018,1.20891,768.0,748.0,813.0,856.0,828.0,917.0,895.0,1041.0,POL,813.0
Poland,POL,2018,1.20891,768.0,748.0,813.0,856.0,828.0,917.0,895.0,1041.0,POL,813.0
Poland,POL,2018,1.20891,768.0,748.0,813.0,856.0,828.0,917.0,895.0,1041.0,POL,813.0
Poland,POL,2018,1.20891,768.0,748.0,813.0,856.0,828.0,917.0,895.0,1041.0,POL,813.0
Poland,POL,2019,1.32064,768.0,748.0,813.0,856.0,828.0,917.0,895.0,1041.0,POL,856.0
Poland,POL,2019,1.32064,768.0,748.0,813.0,856.0,828.0,917.0,895.0,1041.0,POL,856.0
Poland,POL,2019,1.32064,768.0,748.0,813.0,856.0,828.0,917.0,895.0,1041.0,POL,856.0
Poland,POL,2019,1.32064,768.0,748.0,813.0,856.0,828.0,917.0,895.0,1041.0,POL,856.0
Poland,POL,2019,1.32064,768.0,748.0,813.0,856.0,828.0,917.0,895.0,1041.0,POL,856.0
Poland,POL,2019,1.32064,768.0,748.0,813.0,856.0,828.0,917.0,895.0,1041.0,POL,856.0
Poland,POL,2020,1.39205,768.0,748.0,813.0,856.0,828.0,917.0,895.0,1041.0,POL,828.0
Poland,POL,2020,1.39205,768.0,748.0,813.0,856.0,828.0,917.0,895.0,1041.0,POL,828.0
Poland,POL,2020,1.39205,768.0,748.0,813.0,856.0,828.0,917.0,895.0,1041.0,POL,828.0
Poland,POL,2020,1.39205,768.0,748.0,813.0,856.0,828.0,917.0,895.0,1041.0,POL,828.0
Poland,POL,2020,1.39205,768.0,748.0,813.0,856.0,828.0,917.0,895.0,1041.0,POL,828.0
Poland,POL,2020,1.39205,768.0,748.0,813.0,856.0,828.0,917.0,895.0,1041.0,POL,828.0
Portugal,PRT,2016,1.28075,497.0,500.0,534.0,643.0,558.0,568.0,578.0,592.0,PRT,497.0
Portugal,PRT,2016,1.28075,497.0,500.0,534.0,643.0,558.0,568.0,578.0,592.0,PRT,497.0
Portugal,PRT,2016,1.28075,497.0,500.0,534.0,643.0,558.0,568.0,578.0,592.0,PRT,497.0
Portugal,PRT,2016,1.28075,497.0,500.0,534.0,643.0,558.0,568.0,578.0,592.0,PRT,497.0
Portugal,PRT,2016,1.28075,497.0,500.0,534.0,643.0,558.0,568.0,578.0,592.0,PRT,497.0
Portugal,PRT,2016,1.28075,497.0,500.0,534.0,643.0,558.0,568.0,578.0,592.0,PRT,497.0
Portugal,PRT,2017,1.31928,497.0,500.0,534.0,643.0,558.0,568.0,578.0,592.0,PRT,500.0
Portugal,PRT,2017,1.31928,497.0,500.0,534.0,643.0,558.0,568.0,578.0,592.0,PRT,500.0
Portugal,PRT,2017,1.31928,497.0,500.0,534.0,643.0,558.0,568.0,578.0,592.0,PRT,500.0
Portugal,PRT,2017,1.31928,497.0,500.0,534.0,643.0,558.0,568.0,578.0,592.0,PRT,500.0
Portugal,PRT,2017,1.31928,497.0,500.0,534.0,643.0,558.0,568.0,578.0,592.0,PRT,500.0
Portugal,PRT,2017,1.31928,497.0,500.0,534.0,643.0,558.0,568.0,578.0,592.0,PRT,500.0
Portugal,PRT,2018,1.34955,497.0,500.0,534.0,643.0,558.0,568.0,578.0,592.0,PRT,534.0
Portugal,PRT,2018,1.34955,497.0,500.0,534.0,643.0,558.0,568.0,578.0,592.0,PRT,534.0
Portugal,PRT,2018,1.34955,497.0,500.0,534.0,643.0,558.0,568.0,578.0,592.0,PRT,534.0
Portugal,PRT,2018,1.34955,497.0,500.0,534.0,643.0,558.0,568.0,578.0,592.0,PRT,534.0
Portugal,PRT,2018,1.34955,497.0,500.0,534.0,643.0,558.0,568.0,578.0,592.0,PRT,534.0
Portugal,PRT,2018,1.34955,497.0,500.0,534.0,643.0,558.0,568.0,578.0,592.0,PRT,534.0
Portugal,PRT,2019,1.39562,497.0,500.0,534.0,643.0,558.0,568.0,578.0,592.0,PRT,643.0
Portugal,PRT,2019,1.39562,497.0,500.0,534.0,643.0,558.0,568.0,578.0,592.0,PRT,643.0
Portugal,PRT,2019,1.39562,497.0,500.0,534.0,643.0,558.0,568.0,578.0,592.0,PRT,643.0
Portugal,PRT,2019,1.39562,497.0,500.0,534.0,643.0,558.0,568.0,578.0,592.0,PRT,643.0
Portugal,PRT,2019,1.39562,497.0,500.0,534.0,643.0,558.0,568.0,578.0,592.0,PRT,643.0
Portugal,PRT,2019,1.39562,497.0,500.0,534.0,643.0,558.0,568.0,578.0,592.0,PRT,643.0
Portugal,PRT,2020,1.6174,497.0,500.0,534.0,643.0,558.0,568.0,578.0,592.0,PRT,558.0
Portugal,PRT,2020,1.6174,497.0,500.0,534.0,643.0,558.0,568.0,578.0,592.0,PRT,558.0
Portugal,PRT,2020,1.6174,497.0,500.0,534.0,643.0,558.0,568.0,578.0,592.0,PRT,558.0
Portugal,PRT,2020,1.6174,497.0,500.0,534.0,643.0,558.0,568.0,578.0,592.0,PRT,558.0
Portugal,PRT,2020,1.6174,497.0,500.0,534.0,643.0,558.0,568.0,578.0,592.0,PRT,558.0
Portugal,PRT,2020,1.6174,497.0,500.0,534.0,643.0,558.0,568.0,578.0,592.0,PRT,558.0
Romania,ROU,2016,0.48126,212.0,216.0,235.0,217.0,213.0,209.0,211.0,226.0,ROU,212.0
Romania,ROU,2016,0.48126,212.0,216.0,235.0,217.0,213.0,209.0,211.0,226.0,ROU,212.0
Romania,ROU,2016,0.48126,212.0,216.0,235.0,217.0,213.0,209.0,211.0,226.0,ROU,212.0
Romania,ROU,2016,0.48126,212.0,216.0,235.0,217.0,213.0,209.0,211.0,226.0,ROU,212.0
Romania,ROU,2016,0.48126,212.0,216.0,235.0,217.0,213.0,209.0,211.0,226.0,ROU,212.0
Romania,ROU,2016,0.48126,212.0,216.0,235.0,217.0,213.0,209.0,211.0,226.0,ROU,212.0
Romania,ROU,2017,0.50322,212.0,216.0,235.0,217.0,213.0,209.0,211.0,226.0,ROU,216.0
Romania,ROU,2017,0.50322,212.0,216.0,235.0,217.0,213.0,209.0,211.0,226.0,ROU,216.0
Romania,ROU,2017,0.50322,212.0,216.0,235.0,217.0,213.0,209.0,211.0,226.0,ROU,216.0
Romania,ROU,2017,0.50322,212.0,216.0,235.0,217.0,213.0,209.0,211.0,226.0,ROU,216.0
Romania,ROU,2017,0.50322,212.0,216.0,235.0,217.0,213.0,209.0,211.0,226.0,ROU,216.0
Romania,ROU,2017,0.50322,212.0,216.0,235.0,217.0,213.0,209.0,211.0,226.0,ROU,216.0
Romania,ROU,2018,0.50112,212.0,216.0,235.0,217.0,213.0,209.0,211.0,226.0,ROU,235.0
Romania,ROU,2018,0.50112,212.0,216.0,235.0,217.0,213.0,209.0,211.0,226.0,ROU,235.0
Romania,ROU,2018,0.50112,212.0,216.0,235.0,217.0,213.0,209.0,211.0,226.0,ROU,235.0
Romania,ROU,2018,0.50112,212.0,216.0,235.0,217.0,213.0,209.0,211.0,226.0,ROU,235.0
Romania,ROU,2018,0.50112,212.0,216.0,235.0,217.0,213.0,209.0,211.0,226.0,ROU,235.0
Romania,ROU,2018,0.50112,212.0,216.0,235.0,217.0,213.0,209.0,211.0,226.0,ROU,235.0
Romania,ROU,2019,0.47832,212.0,216.0,235.0,217.0,213.0,209.0,211.0,226.0,ROU,217.0
Romania,ROU,2019,0.47832,212.0,216.0,235.0,217.0,213.0,209.0,211.0,226.0,ROU,217.0
Romania,ROU,2019,0.47832,212.0,216.0,235.0,217.0,213.0,209.0,211.0,226.0,ROU,217.0
Romania,ROU,2019,0.47832,212.0,216.0,235.0,217.0,213.0,209.0,211.0,226.0,ROU,217.0
Romania,ROU,2019,0.47832,212.0,216.0,235.0,217.0,213.0,209.0,211.0,226.0,ROU,217.0
Romania,ROU,2019,0.47832,212.0,216.0,235.0,217.0,213.0,209.0,211.0,226.0,ROU,217.0
Romania,ROU,2020,0.47033,212.0,216.0,235.0,217.0,213.0,209.0,211.0,226.0,ROU,213.0
Romania,ROU,2020,0.47033,212.0,216.0,235.0,217.0,213.0,209.0,211.0,226.0,ROU,213.0
Romania,ROU,2020,0.47033,212.0,216.0,235.0,217.0,213.0,209.0,211.0,226.0,ROU,213.0
Romania,ROU,2020,0.47033,212.0,216.0,235.0,217.0,213.0,209.0,211.0,226.0,ROU,213.0
Romania,ROU,2020,0.47033,212.0,216.0,235.0,217.0,213.0,209.0,211.0,226.0,ROU,213.0
Romania,ROU,2020,0.47033,212.0,216.0,235.0,217.0,213.0,209.0,211.0,226.0,ROU,213.0
Russia,RUS,2016,1.10238,1151.0,1244.0,1300.0,1452.0,1419.0,1455.0,1522.0,1260.0,RUS,1151.0
Russia,RUS,2016,1.10238,1151.0,1244.0,1300.0,1452.0,1419.0,1455.0,1522.0,1260.0,RUS,1151.0
Russia,RUS,2016,1.10238,1151.0,1244.0,1300.0,1452.0,1419.0,1455.0,1522.0,1260.0,RUS,1151.0
Russia,RUS,2016,1.10238,1151.0,1244.0,1300.0,1452.0,1419.0,1455.0,1522.0,1260.0,RUS,1151.0
Russia,RUS,2016,1.10238,1151.0,1244.0,1300.0,1452.0,1419.0,1455.0,1522.0,1260.0,RUS,1151.0
Russia,RUS,2016,1.10238,1151.0,1244.0,1300.0,1452.0,1419.0,1455.0,1522.0,1260.0,RUS,1151.0
Russia,RUS,2017,1.10967,1151.0,1244.0,1300.0,1452.0,1419.0,1455.0,1522.0,1260.0,RUS,1244.0
Russia,RUS,2017,1.10967,1151.0,1244.0,1300.0,1452.0,1419.0,1455.0,1522.0,1260.0,RUS,1244.0
Russia,RUS,2017,1.10967,1151.0,1244.0,1300.0,1452.0,1419.0,1455.0,1522.0,1260.0,RUS,1244.0
Russia,RUS,2017,1.10967,1151.0,1244.0,1300.0,1452.0,1419.0,1455.0,1522.0,1260.0,RUS,1244.0
Russia,RUS,2017,1.10967,1151.0,1244.0,1300.0,1452.0,1419.0,1455.0,1522.0,1260.0,RUS,1244.0
Russia,RUS,2017,1.10967,1151.0,1244.0,1300.0,1452.0,1419.0,1455.0,1522.0,1260.0,RUS,1244.0
Russia,RUS,2018,0.99002,1151.0,1244.0,1300.0,1452.0,1419.0,1455.0,1522.0,1260.0,RUS,1300.0
Russia,RUS,2018,0.99002,1151.0,1244.0,1300.0,1452.0,1419.0,1455.0,1522.0,1260.0,RUS,1300.0
Russia,RUS,2018,0.99002,1151.0,1244.0,1300.0,1452.0,1419.0,1455.0,1522.0,1260.0,RUS,1300.0
Russia,RUS,2018,0.99002,1151.0,1244.0,1300.0,1452.0,1419.0,1455.0,1522.0,1260.0,RUS,1300.0
Russia,RUS,2018,0.99002,1151.0,1244.0,1300.0,1452.0,1419.0,1455.0,1522.0,1260.0,RUS,1300.0
Russia,RUS,2018,0.99002,1151.0,1244.0,1300.0,1452.0,1419.0,1455.0,1522.0,1260.0,RUS,1300.0
Russia,RUS,2019,1.03879,1151.0,1244.0,1300.0,1452.0,1419.0,1455.0,1522.0,1260.0,RUS,1452.0
Russia,RUS,2019,1.03879,1151.0,1244.0,1300.0,1452.0,1419.0,1455.0,1522.0,1260.0,RUS,1452.0
Russia,RUS,2019,1.03879,1151.0,1244.0,1300.0,1452.0,1419.0,1455.0,1522.0,1260.0,RUS,1452.0
Russia,RUS,2019,1.03879,1151.0,1244.0,1300.0,1452.0,1419.0,1455.0,1522.0,1260.0,RUS,1452.0
Russia,RUS,2019,1.03879,1151.0,1244.0,1300.0,1452.0,1419.0,1455.0,1522.0,1260.0,RUS,1452.0
Russia,RUS,2019,1.03879,1151.0,1244.0,1300.0,1452.0,1419.0,1455.0,1522.0,1260.0,RUS,1452.0
Russia,RUS,2020,1.09803,1151.0,1244.0,1300.0,1452.0,1419.0,1455.0,1522.0,1260.0,RUS,1419.0
Russia,RUS,2020,1.09803,1151.0,1244.0,1300.0,1452.0,1419.0,1455.0,1522.0,1260.0,RUS,1419.0
Russia,RUS,2020,1.09803,1151.0,1244.0,1300.0,1452.0,1419.0,1455.0,1522.0,1260.0,RUS,1419.0
Russia,RUS,2020,1.09803,1151.0,1244.0,1300.0,1452.0,1419.0,1455.0,1522.0,1260.0,RUS,1419.0
Russia,RUS,2020,1.09803,1151.0,1244.0,1300.0,1452.0,1419.0,1455.0,1522.0,1260.0,RUS,1419.0
Russia,RUS,2020,1.09803,1151.0,1244.0,1300.0,1452.0,1419.0,1455.0,1522.0,1260.0,RUS,1419.0
Saudi Arabia,SAU,2020,0.52232,546.0,514.0,465.0,497.0,452.0,436.0,448.0,451.0,SAU,452.0
Singapore,SGP,2016,2.07471,1105.0,1061.0,1136.0,1204.0,1254.0,1293.0,1336.0,1366.0,SGP,1105.0
Singapore,SGP,2016,2.07471,1105.0,1061.0,1136.0,1204.0,1254.0,1293.0,1336.0,1366.0,SGP,1105.0
Singapore,SGP,2016,2.07471,1105.0,1061.0,1136.0,1204.0,1254.0,1293.0,1336.0,1366.0,SGP,1105.0
Singapore,SGP,2016,2.07471,1105.0,1061.0,1136.0,1204.0,1254.0,1293.0,1336.0,1366.0,SGP,1105.0
Singapore,SGP,2016,2.07471,1105.0,1061.0,1136.0,1204.0,1254.0,1293.0,1336.0,1366.0,SGP,1105.0
Singapore,SGP,2017,1.89872,1105.0,1061.0,1136.0,1204.0,1254.0,1293.0,1336.0,1366.0,SGP,1061.0
Singapore,SGP,2017,1.89872,1105.0,1061.0,1136.0,1204.0,1254.0,1293.0,1336.0,1366.0,SGP,1061.0
Singapore,SGP,2017,1.89872,1105.0,1061.0,1136.0,1204.0,1254.0,1293.0,1336.0,1366.0,SGP,1061.0
Singapore,SGP,2017,1.89872,1105.0,1061.0,1136.0,1204.0,1254.0,1293.0,1336.0,1366.0,SGP,1061.0
Singapore,SGP,2017,1.89872,1105.0,1061.0,1136.0,1204.0,1254.0,1293.0,1336.0,1366.0,SGP,1061.0
Singapore,SGP,2018,1.81391,1105.0,1061.0,1136.0,1204.0,1254.0,1293.0,1336.0,1366.0,SGP,1136.0
Singapore,SGP,2018,1.81391,1105.0,1061.0,1136.0,1204.0,1254.0,1293.0,1336.0,1366.0,SGP,1136.0
Singapore,SGP,2018,1.81391,1105.0,1061.0,1136.0,1204.0,1254.0,1293.0,1336.0,1366.0,SGP,1136.0
Singapore,SGP,2018,1.81391,1105.0,1061.0,1136.0,1204.0,1254.0,1293.0,1336.0,1366.0,SGP,1136.0
Singapore,SGP,2018,1.81391,1105.0,1061.0,1136.0,1204.0,1254.0,1293.0,1336.0,1366.0,SGP,1136.0
Singapore,SGP,2019,1.89064,1105.0,1061.0,1136.0,1204.0,1254.0,1293.0,1336.0,1366.0,SGP,1204.0
Singapore,SGP,2019,1.89064,1105.0,1061.0,1136.0,1204.0,1254.0,1293.0,1336.0,1366.0,SGP,1204.0
Singapore,SGP,2019,1.89064,1105.0,1061.0,1136.0,1204.0,1254.0,1293.0,1336.0,1366.0,SGP,1204.0
Singapore,SGP,2019,1.89064,1105.0,1061.0,1136.0,1204.0,1254.0,1293.0,1336.0,1366.0,SGP,1204.0
Singapore,SGP,2019,1.89064,1105.0,1061.0,1136.0,1204.0,1254.0,1293.0,1336.0,1366.0,SGP,1204.0
Slovenia,SVN,2016,2.00764,214.0,182.0,179.0,190.0,184.0,199.0,209.0,189.0,SVN,214.0
Slovenia,SVN,2016,2.00764,214.0,182.0,179.0,190.0,184.0,199.0,209.0,189.0,SVN,214.0
Slovenia,SVN,2016,2.00764,214.0,182.0,179.0,190.0,184.0,199.0,209.0,189.0,SVN,214.0
Slovenia,SVN,2016,2.00764,214.0,182.0,179.0,190.0,184.0,199.0,209.0,189.0,SVN,214.0
Slovenia,SVN,2016,2.00764,214.0,182.0,179.0,190.0,184.0,199.0,209.0,189.0,SVN,214.0
Slovenia,SVN,2016,2.00764,214.0,182.0,179.0,190.0,184.0,199.0,209.0,189.0,SVN,214.0
Slovenia,SVN,2017,1.8653,214.0,182.0,179.0,190.0,184.0,199.0,209.0,189.0,SVN,182.0
Slovenia,SVN,2017,1.8653,214.0,182.0,179.0,190.0,184.0,199.0,209.0,189.0,SVN,182.0
Slovenia,SVN,2017,1.8653,214.0,182.0,179.0,190.0,184.0,199.0,209.0,189.0,SVN,182.0
Slovenia,SVN,2017,1.8653,214.0,182.0,179.0,190.0,184.0,199.0,209.0,189.0,SVN,182.0
Slovenia,SVN,2017,1.8653,214.0,182.0,179.0,190.0,184.0,199.0,209.0,189.0,SVN,182.0
Slovenia,SVN,2017,1.8653,214.0,182.0,179.0,190.0,184.0,199.0,209.0,189.0,SVN,182.0
Slovenia,SVN,2018,1.94645,214.0,182.0,179.0,190.0,184.0,199.0,209.0,189.0,SVN,179.0
Slovenia,SVN,2018,1.94645,214.0,182.0,179.0,190.0,184.0,199.0,209.0,189.0,SVN,179.0
Slovenia,SVN,2018,1.94645,214.0,182.0,179.0,190.0,184.0,199.0,209.0,189.0,SVN,179.0
Slovenia,SVN,2018,1.94645,214.0,182.0,179.0,190.0,184.0,199.0,209.0,189.0,SVN,179.0
Slovenia,SVN,2018,1.94645,214.0,182.0,179.0,190.0,184.0,199.0,209.0,189.0,SVN,179.0
Slovenia,SVN,2018,1.94645,214.0,182.0,179.0,190.0,184.0,199.0,209.0,189.0,SVN,179.0
Slovenia,SVN,2019,2.04704,214.0,182.0,179.0,190.0,184.0,199.0,209.0,189.0,SVN,190.0
Slovenia,SVN,2019,2.04704,214.0,182.0,179.0,190.0,184.0,199.0,209.0,189.0,SVN,190.0
Slovenia,SVN,2019,2.04704,214.0,182.0,179.0,190.0,184.0,199.0,209.0,189.0,SVN,190.0
Slovenia,SVN,2019,2.04704,214.0,182.0,179.0,190.0,184.0,199.0,209.0,189.0,SVN,190.0
Slovenia,SVN,2019,2.04704,214.0,182.0,179.0,190.0,184.0,199.0,209.0,189.0,SVN,190.0
Slovenia,SVN,2019,2.04704,214.0,182.0,179.0,190.0,184.0,199.0,209.0,189.0,SVN,190.0
Slovenia,SVN,2020,2.14735,214.0,182.0,179.0,190.0,184.0,199.0,209.0,189.0,SVN,184.0
Slovenia,SVN,2020,2.14735,214.0,182.0,179.0,190.0,184.0,199.0,209.0,189.0,SVN,184.0
Slovenia,SVN,2020,2.14735,214.0,182.0,179.0,190.0,184.0,199.0,209.0,189.0,SVN,184.0
Slovenia,SVN,2020,2.14735,214.0,182.0,179.0,190.0,184.0,199.0,209.0,189.0,SVN,184.0
Slovenia,SVN,2020,2.14735,214.0,182.0,179.0,190.0,184.0,199.0,209.0,189.0,SVN,184.0
Slovenia,SVN,2020,2.14735,214.0,182.0,179.0,190.0,184.0,199.0,209.0,189.0,SVN,184.0
South Africa,ZAF,2016,0.74992,332.0,307.0,353.0,357.0,405.0,395.0,432.0,562.0,ZAF,332.0
South Africa,ZAF,2016,0.74992,332.0,307.0,353.0,357.0,405.0,395.0,432.0,562.0,ZAF,332.0
South Africa,ZAF,2016,0.74992,332.0,307.0,353.0,357.0,405.0,395.0,432.0,562.0,ZAF,332.0
South Africa,ZAF,2016,0.74992,332.0,307.0,353.0,357.0,405.0,395.0,432.0,562.0,ZAF,332.0
South Africa,ZAF,2016,0.74992,332.0,307.0,353.0,357.0,405.0,395.0,432.0,562.0,ZAF,332.0
South Africa,ZAF,2017,0.76257,332.0,307.0,353.0,357.0,405.0,395.0,432.0,562.0,ZAF,307.0
South Africa,ZAF,2017,0.76257,332.0,307.0,353.0,357.0,405.0,395.0,432.0,562.0,ZAF,307.0
South Africa,ZAF,2017,0.76257,332.0,307.0,353.0,357.0,405.0,395.0,432.0,562.0,ZAF,307.0
South Africa,ZAF,2017,0.76257,332.0,307.0,353.0,357.0,405.0,395.0,432.0,562.0,ZAF,307.0
South Africa,ZAF,2017,0.76257,332.0,307.0,353.0,357.0,405.0,395.0,432.0,562.0,ZAF,307.0
South Africa,ZAF,2018,0.68657,332.0,307.0,353.0,357.0,405.0,395.0,432.0,562.0,ZAF,353.0
South Africa,ZAF,2018,0.68657,332.0,307.0,353.0,357.0,405.0,395.0,432.0,562.0,ZAF,353.0
South Africa,ZAF,2018,0.68657,332.0,307.0,353.0,357.0,405.0,395.0,432.0,562.0,ZAF,353.0
South Africa,ZAF,2018,0.68657,332.0,307.0,353.0,357.0,405.0,395.0,432.0,562.0,ZAF,353.0
South Africa,ZAF,2018,0.68657,332.0,307.0,353.0,357.0,405.0,395.0,432.0,562.0,ZAF,353.0
South Africa,ZAF,2019,0.61525,332.0,307.0,353.0,357.0,405.0,395.0,432.0,562.0,ZAF,357.0
South Africa,ZAF,2019,0.61525,332.0,307.0,353.0,357.0,405.0,395.0,432.0,562.0,ZAF,357.0
South Africa,ZAF,2019,0.61525,332.0,307.0,353.0,357.0,405.0,395.0,432.0,562.0,ZAF,357.0
South Africa,ZAF,2019,0.61525,332.0,307.0,353.0,357.0,405.0,395.0,432.0,562.0,ZAF,357.0
South Africa,ZAF,2019,0.61525,332.0,307.0,353.0,357.0,405.0,395.0,432.0,562.0,ZAF,357.0
South Korea,KOR,2016,3.98704,2244.0,2151.0,2129.0,2291.0,2422.0,2536.0,2606.0,2675.0,KOR,2244.0
South Korea,KOR,2016,3.98704,2244.0,2151.0,2129.0,2291.0,2422.0,2536.0,2606.0,2675.0,KOR,2244.0
South Korea,KOR,2016,3.98704,2244.0,2151.0,2129.0,2291.0,2422.0,2536.0,2606.0,2675.0,KOR,2244.0
South Korea,KOR,2016,3.98704,2244.0,2151.0,2129.0,2291.0,2422.0,2536.0,2606.0,2675.0,KOR,2244.0
South Korea,KOR,2016,3.98704,2244.0,2151.0,2129.0,2291.0,2422.0,2536.0,2606.0,2675.0,KOR,2244.0
South Korea,KOR,2016,3.98704,2244.0,2151.0,2129.0,2291.0,2422.0,2536.0,2606.0,2675.0,KOR,2244.0
South Korea,KOR,2017,4.29206,2244.0,2151.0,2129.0,2291.0,2422.0,2536.0,2606.0,2675.0,KOR,2151.0
South Korea,KOR,2017,4.29206,2244.0,2151.0,2129.0,2291.0,2422.0,2536.0,2606.0,2675.0,KOR,2151.0
South Korea,KOR,2017,4.29206,2244.0,2151.0,2129.0,2291.0,2422.0,2536.0,2606.0,2675.0,KOR,2151.0
South Korea,KOR,2017,4.29206,2244.0,2151.0,2129.0,2291.0,2422.0,2536.0,2606.0,2675.0,KOR,2151.0
South Korea,KOR,2017,4.29206,2244.0,2151.0,2129.0,2291.0,2422.0,2536.0,2606.0,2675.0,KOR,2151.0
South Korea,KOR,2017,4.29206,2244.0,2151.0,2129.0,2291.0,2422.0,2536.0,2606.0,2675.0,KOR,2151.0
South Korea,KOR,2018,4.51633,2244.0,2151.0,2129.0,2291.0,2422.0,2536.0,2606.0,2675.0,KOR,2129.0
South Korea,KOR,2018,4.51633,2244.0,2151.0,2129.0,2291.0,2422.0,2536.0,2606.0,2675.0,KOR,2129.0
South Korea,KOR,2018,4.51633,2244.0,2151.0,2129.0,2291.0,2422.0,2536.0,2606.0,2675.0,KOR,2129.0
South Korea,KOR,2018,4.51633,2244.0,2151.0,2129.0,2291.0,2422.0,2536.0,2606.0,2675.0,KOR,2129.0
South Korea,KOR,2018,4.51633,2244.0,2151.0,2129.0,2291.0,2422.0,2536.0,2606.0,2675.0,KOR,2129.0
South Korea,KOR,2018,4.51633,2244.0,2151.0,2129.0,2291.0,2422.0,2536.0,2606.0,2675.0,KOR,2129.0
South Korea,KOR,2019,4.62703,2244.0,2151.0,2129.0,2291.0,2422.0,2536.0,2606.0,2675.0,KOR,2291.0
South Korea,KOR,2019,4.62703,2244.0,2151.0,2129.0,2291.0,2422.0,2536.0,2606.0,2675.0,KOR,2291.0
South Korea,KOR,2019,4.62703,2244.0,2151.0,2129.0,2291.0,2422.0,2536.0,2606.0,2675.0,KOR,2291.0
South Korea,KOR,2019,4.62703,2244.0,2151.0,2129.0,2291.0,2422.0,2536.0,2606.0,2675.0,KOR,2291.0
South Korea,KOR,2019,4.62703,2244.0,2151.0,2129.0,2291.0,2422.0,2536.0,2606.0,2675.0,KOR,2291.0
South Korea,KOR,2019,4.62703,2244.0,2151.0,2129.0,2291.0,2422.0,2536.0,2606.0,2675.0,KOR,2291.0
South Korea,KOR,2020,4.8145,2244.0,2151.0,2129.0,2291.0,2422.0,2536.0,2606.0,2675.0,KOR,2422.0
South Korea,KOR,2020,4.8145,2244.0,2151.0,2129.0,2291.0,2422.0,2536.0,2606.0,2675.0,KOR,2422.0
South Korea,KOR,2020,4.8145,2244.0,2151.0,2129.0,2291.0,2422.0,2536.0,2606.0,2675.0,KOR,2422.0
South Korea,KOR,2020,4.8145,2244.0,2151.0,2129.0,2291.0,2422.0,2536.0,2606.0,2675.0,KOR,2422.0
South Korea,KOR,2020,4.8145,2244.0,2151.0,2129.0,2291.0,2422.0,2536.0,2606.0,2675.0,KOR,2422.0
South Korea,KOR,2020,4.8145,2244.0,2151.0,2129.0,2291.0,2422.0,2536.0,2606.0,2675.0,KOR,2422.0
Spain,ESP,2016,1.19048,2642.0,2626.0,2516.0,2738.0,2786.0,2961.0,2858.0,3330.0,ESP,2642.0
Spain,ESP,2016,1.19048,2642.0,2626.0,2516.0,2738.0,2786.0,2961.0,2858.0,3330.0,ESP,2642.0
Spain,ESP,2016,1.19048,2642.0,2626.0,2516.0,2738.0,2786.0,2961.0,2858.0,3330.0,ESP,2642.0
Spain,ESP,2016,1.19048,2642.0,2626.0,2516.0,2738.0,2786.0,2961.0,2858.0,3330.0,ESP,2642.0
Spain,ESP,2016,1.19048,2642.0,2626.0,2516.0,2738.0,2786.0,2961.0,2858.0,3330.0,ESP,2642.0
Spain,ESP,2016,1.19048,2642.0,2626.0,2516.0,2738.0,2786.0,2961.0,2858.0,3330.0,ESP,2642.0
Spain,ESP,2017,1.21042,2642.0,2626.0,2516.0,2738.0,2786.0,2961.0,2858.0,3330.0,ESP,2626.0
Spain,ESP,2017,1.21042,2642.0,2626.0,2516.0,2738.0,2786.0,2961.0,2858.0,3330.0,ESP,2626.0
Spain,ESP,2017,1.21042,2642.0,2626.0,2516.0,2738.0,2786.0,2961.0,2858.0,3330.0,ESP,2626.0
Spain,ESP,2017,1.21042,2642.0,2626.0,2516.0,2738.0,2786.0,2961.0,2858.0,3330.0,ESP,2626.0
Spain,ESP,2017,1.21042,2642.0,2626.0,2516.0,2738.0,2786.0,2961.0,2858.0,3330.0,ESP,2626.0
Spain,ESP,2017,1.21042,2642.0,2626.0,2516.0,2738.0,2786.0,2961.0,2858.0,3330.0,ESP,2626.0
Spain,ESP,2018,1.24213,2642.0,2626.0,2516.0,2738.0,2786.0,2961.0,2858.0,3330.0,ESP,2516.0
Spain,ESP,2018,1.24213,2642.0,2626.0,2516.0,2738.0,2786.0,2961.0,2858.0,3330.0,ESP,2516.0
Spain,ESP,2018,1.24213,2642.0,2626.0,2516.0,2738.0,2786.0,2961.0,2858.0,3330.0,ESP,2516.0
Spain,ESP,2018,1.24213,2642.0,2626.0,2516.0,2738.0,2786.0,2961.0,2858.0,3330.0,ESP,2516.0
Spain,ESP,2018,1.24213,2642.0,2626.0,2516.0,2738.0,2786.0,2961.0,2858.0,3330.0,ESP,2516.0
Spain,ESP,2018,1.24213,2642.0,2626.0,2516.0,2738.0,2786.0,2961.0,2858.0,3330.0,ESP,2516.0
Spain,ESP,2019,1.25139,2642.0,2626.0,2516.0,2738.0,2786.0,2961.0,2858.0,3330.0,ESP,2738.0
Spain,ESP,2019,1.25139,2642.0,2626.0,2516.0,2738.0,2786.0,2961.0,2858.0,3330.0,ESP,2738.0
Spain,ESP,2019,1.25139,2642.0,2626.0,2516.0,2738.0,2786.0,2961.0,2858.0,3330.0,ESP,2738.0
Spain,ESP,2019,1.25139,2642.0,2626.0,2516.0,2738.0,2786.0,2961.0,2858.0,3330.0,ESP,2738.0
Spain,ESP,2019,1.25139,2642.0,2626.0,2516.0,2738.0,2786.0,2961.0,2858.0,3330.0,ESP,2738.0
Spain,ESP,2019,1.25139,2642.0,2626.0,2516.0,2738.0,2786.0,2961.0,2858.0,3330.0,ESP,2738.0
Spain,ESP,2020,1.40541,2642.0,2626.0,2516.0,2738.0,2786.0,2961.0,2858.0,3330.0,ESP,2786.0
Spain,ESP,2020,1.40541,2642.0,2626.0,2516.0,2738.0,2786.0,2961.0,2858.0,3330.0,ESP,2786.0
Spain,ESP,2020,1.40541,2642.0,2626.0,2516.0,2738.0,2786.0,2961.0,2858.0,3330.0,ESP,2786.0
Spain,ESP,2020,1.40541,2642.0,2626.0,2516.0,2738.0,2786.0,2961.0,2858.0,3330.0,ESP,2786.0
Spain,ESP,2020,1.40541,2642.0,2626.0,2516.0,2738.0,2786.0,2961.0,2858.0,3330.0,ESP,2786.0
Spain,ESP,2020,1.40541,2642.0,2626.0,2516.0,2738.0,2786.0,2961.0,2858.0,3330.0,ESP,2786.0
Sweden,SWE,2016,3.24736,1578.0,1610.0,1650.0,1732.0,1843.0,1927.0,2004.0,2371.0,SWE,1578.0
Sweden,SWE,2016,3.24736,1578.0,1610.0,1650.0,1732.0,1843.0,1927.0,2004.0,2371.0,SWE,1578.0
Sweden,SWE,2016,3.24736,1578.0,1610.0,1650.0,1732.0,1843.0,1927.0,2004.0,2371.0,SWE,1578.0
Sweden,SWE,2016,3.24736,1578.0,1610.0,1650.0,1732.0,1843.0,1927.0,2004.0,2371.0,SWE,1578.0
Sweden,SWE,2016,3.24736,1578.0,1610.0,1650.0,1732.0,1843.0,1927.0,2004.0,2371.0,SWE,1578.0
Sweden,SWE,2016,3.24736,1578.0,1610.0,1650.0,1732.0,1843.0,1927.0,2004.0,2371.0,SWE,1578.0
Sweden,SWE,2017,3.36279,1578.0,1610.0,1650.0,1732.0,1843.0,1927.0,2004.0,2371.0,SWE,1610.0
Sweden,SWE,2017,3.36279,1578.0,1610.0,1650.0,1732.0,1843.0,1927.0,2004.0,2371.0,SWE,1610.0
Sweden,SWE,2017,3.36279,1578.0,1610.0,1650.0,1732.0,1843.0,1927.0,2004.0,2371.0,SWE,1610.0
Sweden,SWE,2017,3.36279,1578.0,1610.0,1650.0,1732.0,1843.0,1927.0,2004.0,2371.0,SWE,1610.0
Sweden,SWE,2017,3.36279,1578.0,1610.0,1650.0,1732.0,1843.0,1927.0,2004.0,2371.0,SWE,1610.0
Sweden,SWE,2017,3.36279,1578.0,1610.0,1650.0,1732.0,1843.0,1927.0,2004.0,2371.0,SWE,1610.0
Sweden,SWE,2018,3.32106,1578.0,1610.0,1650.0,1732.0,1843.0,1927.0,2004.0,2371.0,SWE,1650.0
Sweden,SWE,2018,3.32106,1578.0,1610.0,1650.0,1732.0,1843.0,1927.0,2004.0,2371.0,SWE,1650.0
Sweden,SWE,2018,3.32106,1578.0,1610.0,1650.0,1732.0,1843.0,1927.0,2004.0,2371.0,SWE,1650.0
Sweden,SWE,2018,3.32106,1578.0,1610.0,1650.0,1732.0,1843.0,1927.0,2004.0,2371.0,SWE,1650.0
Sweden,SWE,2018,3.32106,1578.0,1610.0,1650.0,1732.0,1843.0,1927.0,2004.0,2371.0,SWE,1650.0
Sweden,SWE,2018,3.32106,1578.0,1610.0,1650.0,1732.0,1843.0,1927.0,2004.0,2371.0,SWE,1650.0
Sweden,SWE,2019,3.38758,1578.0,1610.0,1650.0,1732.0,1843.0,1927.0,2004.0,2371.0,SWE,1732.0
Sweden,SWE,2019,3.38758,1578.0,1610.0,1650.0,1732.0,1843.0,1927.0,2004.0,2371.0,SWE,1732.0
Sweden,SWE,2019,3.38758,1578.0,1610.0,1650.0,1732.0,1843.0,1927.0,2004.0,2371.0,SWE,1732.0
Sweden,SWE,2019,3.38758,1578.0,1610.0,1650.0,1732.0,1843.0,1927.0,2004.0,2371.0,SWE,1732.0
Sweden,SWE,2019,3.38758,1578.0,1610.0,1650.0,1732.0,1843.0,1927.0,2004.0,2371.0,SWE,1732.0
Sweden,SWE,2019,3.38758,1578.0,1610.0,1650.0,1732.0,1843.0,1927.0,2004.0,2371.0,SWE,1732.0
Sweden,SWE,2020,3.52722,1578.0,1610.0,1650.0,1732.0,1843.0,1927.0,2004.0,2371.0,SWE,1843.0
Sweden,SWE,2020,3.52722,1578.0,1610.0,1650.0,1732.0,1843.0,1927.0,2004.0,2371.0,SWE,1843.0
Sweden,SWE,2020,3.52722,1578.0,1610.0,1650.0,1732.0,1843.0,1927.0,2004.0,2371.0,SWE,1843.0
Sweden,SWE,2020,3.52722,1578.0,1610.0,1650.0,1732.0,1843.0,1927.0,2004.0,2371.0,SWE,1843.0
Sweden,SWE,2020,3.52722,1578.0,1610.0,1650.0,1732.0,1843.0,1927.0,2004.0,2371.0,SWE,1843.0
Sweden,SWE,2020,3.52722,1578.0,1610.0,1650.0,1732.0,1843.0,1927.0,2004.0,2371.0,SWE,1843.0
Switzerland,CHE,2017,3.03413,2950.0,2931.0,3059.0,3261.0,3282.0,3305.0,3385.0,3547.0,CHE,2931.0
Switzerland,CHE,2017,3.03413,2950.0,2931.0,3059.0,3261.0,3282.0,3305.0,3385.0,3547.0,CHE,2931.0
Switzerland,CHE,2017,3.03413,2950.0,2931.0,3059.0,3261.0,3282.0,3305.0,3385.0,3547.0,CHE,2931.0
Switzerland,CHE,2019,3.14686,2950.0,2931.0,3059.0,3261.0,3282.0,3305.0,3385.0,3547.0,CHE,3261.0
Switzerland,CHE,2019,3.14686,2950.0,2931.0,3059.0,3261.0,3282.0,3305.0,3385.0,3547.0,CHE,3261.0
Switzerland,CHE,2019,3.14686,2950.0,2931.0,3059.0,3261.0,3282.0,3305.0,3385.0,3547.0,CHE,3261.0
Thailand,THA,2016,0.77829,165.0,165.0,223.0,241.0,254.0,224.0,277.0,349.0,THA,165.0
Thailand,THA,2016,0.77829,165.0,165.0,223.0,241.0,254.0,224.0,277.0,349.0,THA,165.0
Thailand,THA,2016,0.77829,165.0,165.0,223.0,241.0,254.0,224.0,277.0,349.0,THA,165.0
Thailand,THA,2016,0.77829,165.0,165.0,223.0,241.0,254.0,224.0,277.0,349.0,THA,165.0
Thailand,THA,2016,0.77829,165.0,165.0,223.0,241.0,254.0,224.0,277.0,349.0,THA,165.0
Thailand,THA,2017,1.00166,165.0,165.0,223.0,241.0,254.0,224.0,277.0,349.0,THA,165.0
Thailand,THA,2017,1.00166,165.0,165.0,223.0,241.0,254.0,224.0,277.0,349.0,THA,165.0
Thailand,THA,2017,1.00166,165.0,165.0,223.0,241.0,254.0,224.0,277.0,349.0,THA,165.0
Thailand,THA,2017,1.00166,165.0,165.0,223.0,241.0,254.0,224.0,277.0,349.0,THA,165.0
Thailand,THA,2017,1.00166,165.0,165.0,223.0,241.0,254.0,224.0,277.0,349.0,THA,165.0
Thailand,THA,2018,1.11406,165.0,165.0,223.0,241.0,254.0,224.0,277.0,349.0,THA,223.0
Thailand,THA,2018,1.11406,165.0,165.0,223.0,241.0,254.0,224.0,277.0,349.0,THA,223.0
Thailand,THA,2018,1.11406,165.0,165.0,223.0,241.0,254.0,224.0,277.0,349.0,THA,223.0
Thailand,THA,2018,1.11406,165.0,165.0,223.0,241.0,254.0,224.0,277.0,349.0,THA,223.0
Thailand,THA,2018,1.11406,165.0,165.0,223.0,241.0,254.0,224.0,277.0,349.0,THA,223.0
Thailand,THA,2019,1.14257,165.0,165.0,223.0,241.0,254.0,224.0,277.0,349.0,THA,241.0
Thailand,THA,2019,1.14257,165.0,165.0,223.0,241.0,254.0,224.0,277.0,349.0,THA,241.0
Thailand,THA,2019,1.14257,165.0,165.0,223.0,241.0,254.0,224.0,277.0,349.0,THA,241.0
Thailand,THA,2019,1.14257,165.0,165.0,223.0,241.0,254.0,224.0,277.0,349.0,THA,241.0
Thailand,THA,2019,1.14257,165.0,165.0,223.0,241.0,254.0,224.0,277.0,349.0,THA,241.0
Turkey,TUR,2016,0.93816,357.0,336.0,327.0,382.0,375.0,359.0,387.0,467.0,TUR,357.0
Turkey,TUR,2016,0.93816,357.0,336.0,327.0,382.0,375.0,359.0,387.0,467.0,TUR,357.0
Turkey,TUR,2016,0.93816,357.0,336.0,327.0,382.0,375.0,359.0,387.0,467.0,TUR,357.0
Turkey,TUR,2016,0.93816,357.0,336.0,327.0,382.0,375.0,359.0,387.0,467.0,TUR,357.0
Turkey,TUR,2016,0.93816,357.0,336.0,327.0,382.0,375.0,359.0,387.0,467.0,TUR,357.0
Turkey,TUR,2016,0.93816,357.0,336.0,327.0,382.0,375.0,359.0,387.0,467.0,TUR,357.0
Turkey,TUR,2017,0.95272,357.0,336.0,327.0,382.0,375.0,359.0,387.0,467.0,TUR,336.0
Turkey,TUR,2017,0.95272,357.0,336.0,327.0,382.0,375.0,359.0,387.0,467.0,TUR,336.0
Turkey,TUR,2017,0.95272,357.0,336.0,327.0,382.0,375.0,359.0,387.0,467.0,TUR,336.0
Turkey,TUR,2017,0.95272,357.0,336.0,327.0,382.0,375.0,359.0,387.0,467.0,TUR,336.0
Turkey,TUR,2017,0.95272,357.0,336.0,327.0,382.0,375.0,359.0,387.0,467.0,TUR,336.0
Turkey,TUR,2017,0.95272,357.0,336.0,327.0,382.0,375.0,359.0,387.0,467.0,TUR,336.0
Turkey,TUR,2018,1.02517,357.0,336.0,327.0,382.0,375.0,359.0,387.0,467.0,TUR,327.0
Turkey,TUR,2018,1.02517,357.0,336.0,327.0,382.0,375.0,359.0,387.0,467.0,TUR,327.0
Turkey,TUR,2018,1.02517,357.0,336.0,327.0,382.0,375.0,359.0,387.0,467.0,TUR,327.0
Turkey,TUR,2018,1.02517,357.0,336.0,327.0,382.0,375.0,359.0,387.0,467.0,TUR,327.0
Turkey,TUR,2018,1.02517,357.0,336.0,327.0,382.0,375.0,359.0,387.0,467.0,TUR,327.0
Turkey,TUR,2018,1.02517,357.0,336.0,327.0,382.0,375.0,359.0,387.0,467.0,TUR,327.0
Turkey,TUR,2019,1.06429,357.0,336.0,327.0,382.0,375.0,359.0,387.0,467.0,TUR,382.0
Turkey,TUR,2019,1.06429,357.0,336.0,327.0,382.0,375.0,359.0,387.0,467.0,TUR,382.0
Turkey,TUR,2019,1.06429,357.0,336.0,327.0,382.0,375.0,359.0,387.0,467.0,TUR,382.0
Turkey,TUR,2019,1.06429,357.0,336.0,327.0,382.0,375.0,359.0,387.0,467.0,TUR,382.0
Turkey,TUR,2019,1.06429,357.0,336.0,327.0,382.0,375.0,359.0,387.0,467.0,TUR,382.0
Turkey,TUR,2019,1.06429,357.0,336.0,327.0,382.0,375.0,359.0,387.0,467.0,TUR,382.0
Turkey,TUR,2020,1.08893,357.0,336.0,327.0,382.0,375.0,359.0,387.0,467.0,TUR,375.0
Turkey,TUR,2020,1.08893,357.0,336.0,327.0,382.0,375.0,359.0,387.0,467.0,TUR,375.0
Turkey,TUR,2020,1.08893,357.0,336.0,327.0,382.0,375.0,359.0,387.0,467.0,TUR,375.0
Turkey,TUR,2020,1.08893,357.0,336.0,327.0,382.0,375.0,359.0,387.0,467.0,TUR,375.0
Turkey,TUR,2020,1.08893,357.0,336.0,327.0,382.0,375.0,359.0,387.0,467.0,TUR,375.0
Turkey,TUR,2020,1.08893,357.0,336.0,327.0,382.0,375.0,359.0,387.0,467.0,TUR,375.0
United Kingdom,GBR,2016,1.64281,7344.0,7296.0,7330.0,7683.0,7857.0,8221.0,8129.0,9057.0,GBR,7344.0
United Kingdom,GBR,2016,1.64281,7344.0,7296.0,7330.0,7683.0,7857.0,8221.0,8129.0,9057.0,GBR,7344.0
United Kingdom,GBR,2016,1.64281,7344.0,7296.0,7330.0,7683.0,7857.0,8221.0,8129.0,9057.0,GBR,7344.0
United Kingdom,GBR,2016,1.64281,7344.0,7296.0,7330.0,7683.0,7857.0,8221.0,8129.0,9057.0,GBR,7344.0
United Kingdom,GBR,2016,1.64281,7344.0,7296.0,7330.0,7683.0,7857.0,8221.0,8129.0,9057.0,GBR,7344.0
United Kingdom,GBR,2017,1.65981,7344.0,7296.0,7330.0,7683.0,7857.0,8221.0,8129.0,9057.0,GBR,7296.0
United Kingdom,GBR,2017,1.65981,7344.0,7296.0,7330.0,7683.0,7857.0,8221.0,8129.0,9057.0,GBR,7296.0
United Kingdom,GBR,2017,1.65981,7344.0,7296.0,7330.0,7683.0,7857.0,8221.0,8129.0,9057.0,GBR,7296.0
United Kingdom,GBR,2017,1.65981,7344.0,7296.0,7330.0,7683.0,7857.0,8221.0,8129.0,9057.0,GBR,7296.0
United Kingdom,GBR,2017,1.65981,7344.0,7296.0,7330.0,7683.0,7857.0,8221.0,8129.0,9057.0,GBR,7296.0
United Kingdom,GBR,2018,1.70494,7344.0,7296.0,7330.0,7683.0,7857.0,8221.0,8129.0,9057.0,GBR,7330.0
United Kingdom,GBR,2018,1.70494,7344.0,7296.0,7330.0,7683.0,7857.0,8221.0,8129.0,9057.0,GBR,7330.0
United Kingdom,GBR,2018,1.70494,7344.0,7296.0,7330.0,7683.0,7857.0,8221.0,8129.0,9057.0,GBR,7330.0
United Kingdom,GBR,2018,1.70494,7344.0,7296.0,7330.0,7683.0,7857.0,8221.0,8129.0,9057.0,GBR,7330.0
United Kingdom,GBR,2018,1.70494,7344.0,7296.0,7330.0,7683.0,7857.0,8221.0,8129.0,9057.0,GBR,7330.0
United Kingdom,GBR,2019,1.70799,7344.0,7296.0,7330.0,7683.0,7857.0,8221.0,8129.0,9057.0,GBR,7683.0
United Kingdom,GBR,2019,1.70799,7344.0,7296.0,7330.0,7683.0,7857.0,8221.0,8129.0,9057.0,GBR,7683.0
United Kingdom,GBR,2019,1.70799,7344.0,7296.0,7330.0,7683.0,7857.0,8221.0,8129.0,9057.0,GBR,7683.0
United Kingdom,GBR,2019,1.70799,7344.0,7296.0,7330.0,7683.0,7857.0,8221.0,8129.0,9057.0,GBR,7683.0
United Kingdom,GBR,2019,1.70799,7344.0,7296.0,7330.0,7683.0,7857.0,8221.0,8129.0,9057.0,GBR,7683.0
United States,USA,2016,2.84585,27562.0,26921.0,27350.0,28442.0,28449.0,29170.0,28205.0,30503.0,USA,27562.0
United States,USA,2016,2.84585,27562.0,26921.0,27350.0,28442.0,28449.0,29170.0,28205.0,30503.0,USA,27562.0
United States,USA,2016,2.84585,27562.0,26921.0,27350.0,28442.0,28449.0,29170.0,28205.0,30503.0,USA,27562.0
United States,USA,2016,2.84585,27562.0,26921.0,27350.0,28442.0,28449.0,29170.0,28205.0,30503.0,USA,27562.0
United States,USA,2016,2.84585,27562.0,26921.0,27350.0,28442.0,28449.0,29170.0,28205.0,30503.0,USA,27562.0
United States,USA,2016,2.84585,27562.0,26921.0,27350.0,28442.0,28449.0,29170.0,28205.0,30503.0,USA,27562.0
United States,USA,2017,2.89572,27562.0,26921.0,27350.0,28442.0,28449.0,29170.0,28205.0,30503.0,USA,26921.0
United States,USA,2017,2.89572,27562.0,26921.0,27350.0,28442.0,28449.0,29170.0,28205.0,30503.0,USA,26921.0
United States,USA,2017,2.89572,27562.0,26921.0,27350.0,28442.0,28449.0,29170.0,28205.0,30503.0,USA,26921.0
United States,USA,2017,2.89572,27562.0,26921.0,27350.0,28442.0,28449.0,29170.0,28205.0,30503.0,USA,26921.0
United States,USA,2017,2.89572,27562.0,26921.0,27350.0,28442.0,28449.0,29170.0,28205.0,30503.0,USA,26921.0
United States,USA,2017,2.89572,27562.0,26921.0,27350.0,28442.0,28449.0,29170.0,28205.0,30503.0,USA,26921.0
United States,USA,2018,3.00082,27562.0,26921.0,27350.0,28442.0,28449.0,29170.0,28205.0,30503.0,USA,27350.0
United States,USA,2018,3.00082,27562.0,26921.0,27350.0,28442.0,28449.0,29170.0,28205.0,30503.0,USA,27350.0
United States,USA,2018,3.00082,27562.0,26921.0,27350.0,28442.0,28449.0,29170.0,28205.0,30503.0,USA,27350.0
United States,USA,2018,3.00082,27562.0,26921.0,27350.0,28442.0,28449.0,29170.0,28205.0,30503.0,USA,27350.0
United States,USA,2018,3.00082,27562.0,26921.0,27350.0,28442.0,28449.0,29170.0,28205.0,30503.0,USA,27350.0
United States,USA,2018,3.00082,27562.0,26921.0,27350.0,28442.0,28449.0,29170.0,28205.0,30503.0,USA,27350.0
United States,USA,2019,3.16609,27562.0,26921.0,27350.0,28442.0,28449.0,29170.0,28205.0,30503.0,USA,28442.0
United States,USA,2019,3.16609,27562.0,26921.0,27350.0,28442.0,28449.0,29170.0,28205.0,30503.0,USA,28442.0
United States,USA,2019,3.16609,27562.0,26921.0,27350.0,28442.0,28449.0,29170.0,28205.0,30503.0,USA,28442.0
United States,USA,2019,3.16609,27562.0,26921.0,27350.0,28442.0,28449.0,29170.0,28205.0,30503.0,USA,28442.0
United States,USA,2019,3.16609,27562.0,26921.0,27350.0,28442.0,28449.0,29170.0,28205.0,30503.0,USA,28442.0
United States,USA,2019,3.16609,27562.0,26921.0,27350.0,28442.0,28449.0,29170.0,28205.0,30503.0,USA,28442.0
United States,USA,2020,3.45018,27562.0,26921.0,27350.0,28442.0,28449.0,29170.0,28205.0,30503.0,USA,28449.0
United States,USA,2020,3.45018,27562.0,26921.0,27350.0,28442.0,28449.0,29170.0,28205.0,30503.0,USA,28449.0
United States,USA,2020,3.45018,27562.0,26921.0,27350.0,28442.0,28449.0,29170.0,28205.0,30503.0,USA,28449.0
United States,USA,2020,3.45018,27562.0,26921.0,27350.0,28442.0,28449.0,29170.0,28205.0,30503.0,USA,28449.0
United States,USA,2020,3.45018,27562.0,26921.0,27350.0,28442.0,28449.0,29170.0,28205.0,30503.0,USA,28449.0
United States,USA,2020,3.45018,27562.0,26921.0,27350.0,28442.0,28449.0,29170.0,28205.0,30503.0,USA,28449.0
